Unit,Date_read,Days,New_odometer,L2_DiameterFIX,R2_DiameterFIX,L2_Flange_width,R2_Flange_width,L2_Flange_height,R2_Flange_height,L2_Tread_hollowing,R2_Tread_hollowing,L2_Arris,R2_Arris,Maintain,Change in L2_Flange_Width
VL351B,12/01/2010,0,304858.0,86.0,86.0,28.0,27.0,28.0,27.0,0.5,0.0,0.0,0.0,None,0.0
VL351B,24/02/2010,43,317266.0,89.0,89.0,27.0,26.0,29.0,28.0,0.5,0.5,1.0,1.0,None,1.0
VL351B,16/03/2010,20,324616.0,86.0,86.0,25.0,28.0,29.0,29.0,0.5,0.5,1.5,1.5,None,2.0
VL351B,15/08/2010,152,366653.0,67.0,67.0,25.5,26.0,28.0,28.0,0.0,0.5,0.0,0.0,Normal Maintain,-0.5
VL351B,14/02/2011,183,429074.0,48.0,53.0,23.0,27.5,28.5,29.0,0.0,0.0,0.0,0.0,None,2.5
VL351B,11/04/2011,56,449330.0,48.0,50.0,22.5,27.0,29.0,29.5,1.0,1.0,0.5,0.0,None,0.5
VL351B,26/05/2011,45,386348.8,45.0,45.0,24.0,29.0,29.0,28.0,0.0,0.0,0.0,0.0,Normal Maintain,-1.5
VL351B,19/08/2011,85,454528.0,85.0,85.0,30.0,30.0,29.0,28.0,0.0,0.0,0.0,0.0,Change Wheel,-6.0
VL351B,24/10/2011,66,27824.0,86.0,87.0,27.0,27.0,28.0,28.0,0.5,0.0,0.0,0.0,None,3.0
VL351B,15/11/2011,22,36651.0,86.0,86.0,25.0,25.0,28.0,28.0,0.5,0.5,0.5,0.5,None,2.0
VL351B,24/11/2011,9,27824.0,86.0,87.0,27.0,27.0,28.0,28.0,0.5,0.0,0.0,0.0,Normal Maintain,-2.0
VL351B,5/12/2011,11,43437.0,90.0,90.0,26.0,26.0,28.0,28.5,0.5,0.0,0.0,0.0,None,1.0
VL351B,9/01/2012,35,49172.0,86.0,87.0,26.0,27.0,28.0,30.0,0.5,0.5,0.0,0.0,None,0.0
VL351B,13/02/2012,35,53717.0,80.0,82.0,28.0,29.0,29.0,28.0,0.0,0.0,0.0,0.0,Normal Maintain,-2.0
VL351B,6/03/2012,22,63577.0,80.0,80.0,29.0,27.0,28.0,28.0,0.0,0.0,0.0,0.0,Normal Maintain,-1.0
VL351B,8/05/2012,63,88913.0,80.0,80.0,27.0,28.0,29.0,28.0,0.0,0.0,0.0,0.0,None,2.0
VL351B,12/06/2012,35,100771.0,76.0,76.0,26.5,26.0,28.0,28.0,0.5,0.5,0.0,0.0,None,0.5
VL351B,9/11/2012,150,128606.0,71.0,71.0,27.0,27.0,29.0,28.0,0.0,0.0,0.0,0.0,Normal Maintain,-0.5
VL351B,10/12/2012,31,137273.0,66.0,68.0,28.0,26.5,28.0,29.0,0.5,0.0,0.0,0.0,Normal Maintain,-1.0
VL351B,4/02/2013,56,155007.0,70.0,70.0,25.0,25.0,29.0,28.0,0.5,0.5,0.0,0.0,None,3.0
VL351B,14/03/2013,38,168637.0,69.0,71.0,25.0,25.0,29.0,29.0,0.0,0.0,0.0,0.5,None,0.0
VL351B,19/03/2013,5,169618.1,55.0,55.0,28.0,28.0,28.0,28.0,0.0,0.0,0.0,0.0,Normal Maintain,-3.0
VL351B,22/05/2013,64,182176.0,60.0,60.0,24.0,24.0,27.0,28.0,0.0,0.0,0.0,0.0,None,4.0
VL351B,5/06/2013,14,185167.0,45.5,45.5,28.0,28.0,28.0,28.0,0.0,0.0,0.0,0.0,Change Wheel,-4.0
VL351B,16/07/2013,41,188223.0,80.0,80.0,24.5,26.5,29.0,29.5,0.5,0.5,0.0,0.0,None,3.5
VL351B,22/08/2013,37,198746.0,88.0,89.0,25.5,27.5,29.0,29.5,0.0,0.4,0.0,0.0,Normal Maintain,-1.0
VL351B,5/09/2013,14,203237.2,69.5,70.0,30.0,30.0,28.0,28.0,0.0,0.0,0.0,0.0,Change Wheel,-4.5
VL351B,1/10/2013,26,211578.0,74.0,74.0,28.0,29.0,28.0,28.0,0.0,0.0,0.0,0.0,None,2.0
VL351B,1/11/2013,31,220378.0,73.0,75.0,27.0,29.0,29.0,29.0,0.0,0.0,0.0,0.0,None,1.0
VL351B,5/12/2013,34,227853.0,75.0,75.0,27.0,28.0,29.0,28.0,0.0,0.0,0.0,0.0,None,0.0
VL351B,30/12/2013,25,234224.0,74.0,75.0,26.0,28.0,29.0,29.0,0.0,0.0,0.0,0.0,None,1.0
VL351B,6/02/2014,38,244104.0,74.0,74.0,26.0,28.0,29.0,29.0,0.0,0.0,0.0,0.0,None,0.0
VL351B,11/03/2014,33,255191.0,73.0,73.0,26.0,28.0,29.0,28.0,0.0,0.0,0.5,0.0,None,0.0
VL351B,14/04/2014,34,266994.0,73.0,73.0,25.0,28.0,30.0,29.0,0.0,0.5,0.7,0.0,None,1.0
VL351B,15/05/2014,31,274780.0,60.0,27.5,27.5,29.5,28.0,29.5,0.2,0.0,0.0,0.0,Normal Maintain,-2.5
VL351B,17/06/2014,33,281228.0,61.0,61.0,28.0,28.0,28.5,28.5,0.0,0.0,0.0,0.0,Normal Maintain,-0.5
VL351B,22/07/2014,35,289959.0,51.0,51.0,29.0,29.0,28.0,28.0,0.0,0.0,0.0,0.0,Normal Maintain,-1.0
VL351B,30/08/2014,39,302177.0,51.0,51.0,26.5,27.0,28.5,28.5,0.5,0.5,0.0,0.0,None,2.5
VL351B,22/12/2014,114,320303.0,50.0,49.0,27.0,29.0,29.0,30.0,0.2,0.2,0.2,0.2,Normal Maintain,-0.5
VL351B,27/01/2015,36,333212.8,48.0,47.0,26.1,27.2,29.0,29.3,0.0,0.0,0.5,0.0,None,0.9
VL351B,29/01/2015,2,333930.0,51.0,51.0,26.0,26.0,28.0,29.0,0.5,0.0,0.5,0.5,None,0.1
VL351B,3/02/2015,5,334642.2,41.5,41.5,28.0,28.0,28.0,28.0,0.0,0.0,0.0,0.0,Normal Maintain,-2.0
VL351B,28/04/2015,84,346608.0,45.0,45.0,26.0,26.5,29.0,29.0,0.0,0.0,0.0,0.0,None,2.0
VL351B,17/02/2016,295,347925.0,88.0,88.0,30.0,30.0,29.0,29.0,0.0,0.0,0.0,0.0,Change Wheel,-4.0
VL351B,4/04/2016,47,349099.0,90.0,90.0,30.0,30.0,28.5,28.5,0.0,0.0,0.0,0.0,None,0.0
VL351B,29/04/2016,25,352322.0,87.0,87.0,28.0,28.0,28.0,28.0,0.0,0.0,0.0,0.0,None,2.0
VL351B,2/08/2016,95,376865.0,88.0,88.0,28.5,28.5,29.0,29.0,0.0,0.0,0.0,0.0,Normal Maintain,-0.5
VL351B,13/10/2016,72,399352.0,88.0,88.0,27.0,27.0,29.0,29.0,0.0,0.0,0.0,0.0,None,1.5
VL351B,5/12/2016,53,399734.0,86.0,87.0,26.0,27.5,29.0,29.0,0.0,0.0,0.2,0.0,None,1.0
VL351B,23/12/2016,18,405341.9,72.0,72.0,30.0,30.0,28.0,28.0,0.0,0.0,0.0,0.0,Change Wheel,-4.0
VL351B,23/01/2017,31,415000.0,73.0,73.0,29.0,29.0,28.0,29.0,0.0,0.0,0.0,0.0,None,1.0
VL351B,3/04/2017,70,432159.0,73.0,73.0,28.0,29.0,28.0,29.0,0.8,0.8,0.1,0.0,None,1.0
VL351B,15/05/2017,42,443233.0,69.0,70.0,25.0,26.0,28.0,28.0,1.0,1.0,0.2,0.1,None,3.0
VL351B,9/10/2017,147,450572.7,76.0,76.0,27.5,29.0,29.0,30.0,0.0,0.0,0.5,0.0,Normal Maintain,-2.5
VL351B,19/07/2018,283,462660.1,58.0,58.0,30.0,30.0,30.0,30.0,0.0,0.0,0.0,0.0,None,0.0
VL352K,2/10/2009,0,312267.1,85.0,85.0,30.5,29.0,29.5,30.0,1.0,1.0,0.0,0.0,None,0.0
VL352K,17/10/2009,15,323323.0,85.0,85.0,31.0,30.5,31.0,30.5,1.0,1.5,0.0,0.0,Normal Maintain,-0.5
VL352K,27/11/2009,41,344480.0,84.0,83.0,31.0,27.5,30.0,31.0,1.5,1.5,0.0,0.0,None,0.0
VL352K,27/01/2010,61,356056.0,83.0,84.0,31.0,27.5,31.0,32.0,1.5,1.5,0.0,0.3,None,0.0
VL352K,21/04/2010,84,375387.0,86.0,87.0,29.0,27.0,31.5,29.5,1.0,1.5,0.0,0.5,None,2.0
VL352K,5/08/2010,106,397463.0,80.5,80.0,29.0,27.5,28.5,27.5,0.0,0.0,0.0,0.0,None,0.0
VL352K,25/08/2010,20,401400.0,78.0,79.0,27.5,27.5,28.5,28.5,0.0,0.0,0.0,0.0,None,1.5
VL352K,14/10/2010,50,412264.0,76.0,77.0,28.0,27.0,29.0,29.0,0.0,0.5,0.0,0.0,Normal Maintain,-0.5
VL352K,18/04/2011,186,463169.0,75.0,75.0,28.0,25.0,31.0,30.0,0.5,1.0,0.0,0.0,None,0.0
VL352K,18/05/2011,30,468150.0,73.0,72.0,26.0,25.0,30.0,30.0,0.0,0.0,0.0,0.0,None,2.0
VL352K,15/06/2011,28,476072.0,73.0,74.0,27.0,24.5,30.0,29.5,0.0,0.0,0.0,0.0,Normal Maintain,-1.0
VL352K,16/08/2011,62,501043.0,64.0,64.0,27.0,26.0,29.0,29.0,0.0,0.0,0.0,0.0,None,0.0
VL352K,23/09/2011,38,509711.0,63.0,64.0,27.0,25.0,29.0,29.0,0.0,0.0,0.0,0.0,None,0.0
VL352K,1/11/2011,39,524684.0,65.0,65.0,27.0,26.0,29.0,29.0,0.0,0.0,0.5,0.0,None,0.0
VL352K,5/12/2011,34,537606.0,69.0,69.0,25.0,24.5,29.0,29.0,0.0,0.0,0.0,0.0,None,2.0
VL352K,17/01/2012,43,549223.1,68.0,68.0,26.0,23.5,29.0,29.5,0.5,0.5,0.5,0.5,Normal Maintain,-1.0
VL352K,16/02/2012,30,557328.0,65.0,70.0,26.0,25.0,30.0,28.0,0.0,0.0,0.4,0.4,None,0.0
VL352K,19/03/2012,32,565076.0,52.5,52.0,27.0,27.0,29.0,29.5,0.0,0.0,0.0,0.0,Normal Maintain,-1.0
VL352K,18/04/2012,30,574715.0,55.0,55.0,26.0,28.0,29.0,28.0,0.0,0.0,0.0,0.0,None,1.0
VL352K,17/05/2012,29,581076.0,52.0,53.0,26.0,26.0,28.0,28.0,0.1,0.2,0.0,0.0,None,0.0
VL352K,22/06/2012,36,591058.0,51.5,51.0,26.0,27.0,28.0,29.0,0.2,0.2,0.0,0.0,None,0.0
VL352K,26/07/2012,34,595573.5,55.0,55.0,27.0,26.5,30.0,29.0,0.5,0.5,0.0,0.0,Normal Maintain,-1.0
VL352K,5/10/2012,71,605002.9,56.0,57.0,25.5,26.0,29.0,29.0,0.0,0.0,0.0,0.0,None,1.5
VL352K,5/11/2012,31,609120.0,56.0,56.0,25.0,25.5,29.0,29.0,1.0,1.0,0.5,0.5,None,0.5
VL352K,4/12/2012,29,609120.0,44.5,45.0,28.0,28.0,28.0,28.0,0.0,0.0,0.0,0.0,Normal Maintain,-3.0
VL352K,8/01/2013,35,625684.0,47.0,48.5,26.5,27.0,30.0,30.0,0.0,0.0,0.0,0.0,None,1.5
VL352K,18/02/2013,41,644365.0,44.0,44.0,24.0,25.0,29.0,28.0,0.0,0.0,0.5,0.0,None,2.5
VL352K,20/03/2013,30,648657.0,48.0,48.0,24.5,24.0,30.0,29.0,1.0,1.0,0.0,0.0,Normal Maintain,-0.5
VL352K,23/03/2013,3,648924.0,85.0,85.0,30.0,30.0,28.0,28.0,0.0,0.0,0.0,0.0,Change Wheel,-5.5
VL352K,24/04/2013,32,660214.0,85.0,85.0,28.0,27.0,28.0,28.0,0.0,0.0,0.0,0.0,None,2.0
VL352K,29/05/2013,35,670027.0,86.0,86.0,28.0,27.0,28.0,29.0,0.0,0.0,0.0,0.0,None,0.0
VL352K,4/09/2013,98,671904.0,85.0,85.0,27.0,27.0,28.0,28.0,0.0,0.5,0.0,0.0,None,1.0
VL352K,14/09/2013,10,674915.8,76.0,76.0,30.0,30.0,28.0,28.0,0.0,0.0,0.0,0.0,Normal Maintain,-3.0
VL352K,8/10/2013,24,682144.0,80.0,80.0,28.0,28.5,28.0,28.0,0.0,0.0,0.0,0.0,None,2.0
VL352K,6/11/2013,29,691110.0,80.0,80.0,28.0,27.5,28.0,28.0,0.0,0.0,0.0,0.0,None,0.0
VL352K,9/12/2013,33,702451.0,80.0,80.0,27.0,27.0,28.0,28.0,0.0,0.0,0.0,0.0,None,1.0
VL352K,14/01/2014,36,715883.0,77.0,77.0,27.0,27.0,28.0,28.0,0.0,0.0,0.0,0.0,None,0.0
VL352K,15/02/2014,32,726399.0,78.0,78.0,29.0,28.0,29.0,28.0,0.5,0.5,0.0,0.0,Normal Maintain,-2.0
VL352K,17/03/2014,30,738223.0,79.0,79.0,27.0,26.0,28.0,29.0,0.5,0.0,0.5,0.8,None,2.0
VL352K,14/04/2014,28,746743.0,79.0,79.0,27.0,26.0,29.0,29.0,1.0,1.0,0.0,0.0,None,0.0
VL352K,12/05/2014,28,749714.0,71.0,71.0,29.0,29.0,28.0,28.0,0.0,0.0,0.0,0.0,Normal Maintain,-2.0
VL352K,24/07/2014,73,749725.0,71.0,71.0,30.0,29.0,29.0,28.5,0.0,0.0,0.0,0.0,None,0.0
VL353T,6/09/2009,0,297737.0,85.0,85.0,30.0,30.0,28.0,28.0,0.0,0.0,0.0,0.0,None,0.0
VL353T,23/10/2009,47,330116.2,85.0,85.0,30.0,28.5,28.5,28.5,0.0,0.0,0.0,0.0,None,0.0
VL353T,13/11/2009,21,343525.7,85.0,85.0,30.0,28.0,29.0,29.5,1.5,1.5,0.0,0.0,None,0.0
VL353T,23/12/2009,40,369155.0,85.0,85.0,30.0,29.0,29.0,29.0,1.5,1.5,0.0,0.0,None,0.0
VL353T,19/01/2010,27,385029.0,86.0,86.0,30.0,29.0,30.0,30.0,1.5,1.0,0.0,0.0,None,0.0
VL353T,22/02/2010,34,410218.0,86.0,88.0,30.0,29.5,30.0,30.0,1.5,1.5,0.0,0.0,None,0.0
VL353T,13/04/2010,50,430254.0,85.0,84.0,30.5,30.0,31.5,31.5,0.5,1.0,0.0,0.0,Normal Maintain,-0.5
VL353T,20/06/2010,68,473908.0,85.0,85.0,26.5,29.0,30.5,31.0,1.5,2.0,0.0,0.0,None,4.0
VL353T,28/07/2010,38,493776.6,77.0,77.0,29.0,28.0,28.5,28.0,0.0,0.0,0.0,0.0,Normal Maintain,-2.5
VL353T,20/09/2010,54,522011.0,75.0,75.0,27.5,28.0,29.0,29.0,1.0,1.0,0.0,0.0,None,1.5
VL353T,22/10/2010,32,553434.0,77.0,77.0,26.0,28.0,28.0,30.5,0.5,1.0,0.0,0.0,None,1.5
VL353T,2/12/2010,41,571102.0,76.0,76.0,28.0,28.0,30.0,30.0,1.0,1.0,0.0,0.0,Normal Maintain,-2.0
VL353T,26/02/2011,86,597718.0,75.0,75.0,27.0,28.0,31.0,32.0,0.5,0.5,0.0,0.0,None,1.0
VL353T,2/04/2011,35,619268.0,62.5,62.5,28.0,27.0,29.5,29.0,0.0,0.0,0.0,0.0,Normal Maintain,-1.0
VL353T,11/04/2011,9,621067.0,68.0,69.0,29.0,29.0,30.0,30.0,0.0,0.0,0.0,0.0,Normal Maintain,-1.0
VL353T,30/05/2011,49,659291.2,65.0,65.0,26.0,25.0,30.0,30.0,0.5,1.0,0.0,0.0,None,3.0
VL353T,1/07/2011,32,684254.0,72.0,65.0,28.0,27.0,29.0,30.0,0.5,0.5,0.0,0.0,Normal Maintain,-2.0
VL353T,24/07/2011,23,700985.6,63.0,64.0,28.5,26.0,30.5,29.0,1.5,1.5,0.0,0.0,Normal Maintain,-0.5
VL353T,13/09/2011,51,738086.0,60.0,60.0,26.0,26.0,33.0,31.0,1.0,1.0,0.0,0.0,None,2.5
VL353T,25/10/2011,42,756722.0,68.0,65.0,27.0,27.0,30.0,30.0,0.5,1.0,0.5,0.5,Normal Maintain,-1.0
VL353T,24/11/2011,30,775562.0,53.0,53.0,27.0,27.5,29.0,28.0,0.0,0.0,0.0,0.0,None,0.0
VL353T,23/12/2011,29,798654.0,52.0,53.0,27.0,28.0,29.5,28.0,0.5,1.5,0.0,0.0,None,0.0
VL353T,29/12/2011,6,800694.0,52.0,52.0,26.0,29.0,30.0,28.5,1.5,1.0,0.0,0.0,None,1.0
VL353T,24/01/2012,26,817591.0,52.0,52.0,26.0,28.0,29.5,29.5,0.8,1.0,0.0,0.0,None,0.0
VL353T,5/03/2012,41,847872.0,50.0,50.0,26.0,28.0,29.5,30.0,1.0,1.5,0.0,0.0,None,0.0
VL353T,1/04/2012,27,861370.0,47.0,47.0,27.0,27.5,30.0,31.0,0.0,0.5,0.0,0.0,Normal Maintain,-1.0
VL353T,26/04/2012,25,864543.9,52.0,51.0,27.0,28.0,30.0,30.0,1.0,0.5,0.0,0.0,None,0.0
VL353T,31/10/2012,188,888412.0,87.0,87.0,28.0,28.0,28.0,28.0,0.0,0.0,0.0,0.0,Normal Maintain,-1.0
VL353T,4/12/2012,34,892630.0,88.0,88.0,26.5,25.0,28.5,28.5,0.5,0.5,0.0,0.0,None,1.5
VL353T,18/02/2013,76,899961.0,88.0,88.0,26.0,25.0,29.0,28.5,0.0,0.0,0.0,0.0,None,0.5
VL353T,25/03/2013,35,903023.0,88.0,88.0,26.0,25.0,29.0,29.0,0.5,0.5,0.0,0.5,None,0.0
VL353T,18/04/2013,24,909200.0,89.0,89.0,25.0,24.5,29.0,29.0,0.0,0.0,0.0,0.0,None,1.0
VL353T,4/06/2013,47,922298.0,88.0,88.0,26.0,25.0,28.0,27.0,0.0,0.0,0.0,0.0,Normal Maintain,-1.0
VL353T,3/07/2013,29,924026.8,85.0,85.0,26.0,26.0,28.5,30.0,1.0,1.5,0.0,0.5,None,0.0
VL353T,15/07/2013,12,924742.2,89.0,89.0,27.0,25.0,29.0,29.0,1.0,1.0,0.0,0.0,Normal Maintain,-1.0
VL353T,31/07/2013,16,925696.0,85.0,85.0,25.5,24.5,30.0,29.5,0.5,0.5,0.0,0.5,None,1.5
VL353T,12/08/2013,12,927685.4,74.5,75.0,30.0,30.0,28.0,28.0,0.0,0.0,0.0,0.0,Change Wheel,-4.5
VL353T,3/10/2013,52,936306.0,79.0,79.0,27.5,27.0,29.5,30.0,0.0,0.0,0.0,0.0,None,2.5
VL353T,11/11/2013,39,944933.0,78.0,77.0,27.0,27.5,28.0,28.5,0.0,0.0,0.0,0.0,None,0.5
VL353T,17/12/2013,36,955031.0,79.0,79.0,26.0,30.0,28.0,29.0,0.4,0.4,0.0,0.4,None,1.0
VL353T,14/02/2014,59,970728.0,80.0,80.0,26.0,26.0,29.0,29.0,0.0,0.0,0.0,0.0,None,0.0
VL353T,18/03/2014,32,978255.5,79.0,79.0,25.0,25.0,29.0,28.5,0.0,0.0,0.0,0.3,None,1.0
VL353T,2/05/2014,45,988841.0,68.0,69.0,27.0,27.0,28.0,28.0,0.0,0.0,0.0,0.0,Normal Maintain,-2.0
VL353T,24/07/2014,83,991069.0,70.0,70.0,27.0,27.0,29.5,28.0,0.0,0.0,0.0,0.0,None,0.0
VL353T,10/09/2014,48,999035.0,66.0,66.0,27.0,27.0,29.5,29.0,0.0,0.0,0.0,0.0,None,0.0
VL353T,9/10/2014,29,1002680.0,69.0,69.0,28.0,27.0,29.0,29.0,0.0,0.0,0.0,0.0,Normal Maintain,-1.0
VL353T,10/11/2014,32,1011748.0,68.0,68.0,27.0,27.0,28.5,29.0,0.5,0.5,0.0,0.0,None,1.0
VL353T,18/12/2014,38,1028092.0,68.0,68.0,25.0,26.0,29.0,29.0,0.0,0.0,0.0,0.0,None,2.0
VL353T,29/01/2015,42,1034421.0,52.0,53.0,31.0,31.0,29.0,28.0,0.0,0.0,0.0,0.0,Change Wheel,-6.0
VL353T,1/05/2015,92,1045896.0,53.0,54.0,29.0,28.0,28.0,28.0,0.0,0.0,0.0,0.0,None,2.0
VL353T,9/06/2015,39,1057803.0,53.0,53.0,29.0,28.0,29.0,29.0,0.0,0.0,0.0,0.0,None,0.0
VL353T,15/06/2015,6,1060241.0,53.0,53.0,28.0,27.0,30.0,30.0,0.0,0.0,0.0,0.0,None,1.0
VL353T,17/07/2015,32,1060255.0,53.0,53.0,28.0,27.0,30.0,30.0,0.0,0.0,0.0,0.0,None,0.0
VL353T,27/07/2015,10,1062192.0,54.0,54.0,26.0,27.0,28.0,28.0,0.0,0.0,0.0,0.0,None,2.0
VL353T,19/11/2015,115,1063123.0,80.0,80.0,30.0,30.0,28.0,28.0,0.0,0.0,0.0,0.0,Change Wheel,-4.0
VL353T,9/02/2016,82,1064409.0,85.0,85.0,30.0,30.0,28.0,28.0,0.0,0.0,0.0,0.0,None,0.0
VL353T,9/04/2016,60,1072021.0,84.0,84.0,28.0,28.5,28.0,28.0,0.0,0.0,0.0,0.0,None,2.0
VL353T,31/05/2016,52,1077471.0,85.0,85.0,29.0,29.0,28.0,28.0,0.1,0.0,0.0,0.0,Normal Maintain,-1.0
VL353T,1/08/2016,62,1086442.0,80.0,80.0,28.0,28.0,28.0,28.0,0.0,0.0,0.0,0.0,None,1.0
VL353T,22/09/2016,52,1094159.0,84.0,84.0,27.5,27.0,29.0,29.0,0.0,0.0,0.0,0.0,None,0.5
VL353T,4/11/2016,43,1104875.0,89.0,89.0,28.0,28.0,28.0,29.0,0.5,0.5,0.0,0.0,Normal Maintain,-0.5
VL353T,30/12/2016,56,1122566.0,84.0,84.0,27.0,27.0,29.0,29.0,0.0,0.0,0.0,0.0,None,1.0
VL353T,18/01/2017,19,1126549.0,86.0,86.0,27.0,27.0,30.0,29.0,0.0,0.0,0.2,0.0,None,0.0
VL353T,10/02/2017,23,1128003.0,84.0,84.0,28.0,28.0,29.5,29.5,0.0,0.0,0.0,0.0,Normal Maintain,-1.0
VL353T,29/03/2017,47,1138688.0,84.0,84.0,27.0,28.0,29.0,29.0,0.3,0.2,0.0,0.0,None,1.0
VL353T,26/04/2017,28,1145131.0,73.5,74.0,30.0,30.0,28.0,28.0,0.0,0.0,0.0,0.0,Normal Maintain,-3.0
VL353T,5/05/2017,9,1145281.0,72.0,72.0,29.0,29.0,29.0,29.0,0.0,0.0,0.0,0.0,None,1.0
VL353T,3/07/2017,59,1159808.0,75.0,74.0,29.0,29.0,28.0,29.0,0.2,0.2,0.0,0.0,None,0.0
VL353T,21/08/2017,49,1167043.0,76.0,75.0,28.0,28.0,28.0,29.0,1.0,1.0,0.0,0.1,None,1.0
VL353T,26/06/2018,309,1204801.0,76.0,76.0,29.0,29.0,28.0,29.0,0.0,0.0,0.0,0.0,Normal Maintain,-1.0
VL353T,24/01/2020,577,1219816.0,67.0,67.0,26.0,27.0,28.0,25.0,0.5,0.5,0.0,0.0,None,0.0
VL354F,3/10/2009,0,356723.6,85.0,85.0,29.5,28.5,30.0,29.5,1.0,1.0,0.0,0.0,None,0.0
VL354F,10/10/2009,7,361097.0,83.0,83.0,30.0,29.0,29.0,29.0,1.0,1.0,0.0,0.0,Normal Maintain,-0.5
VL354F,5/12/2009,56,387502.0,85.0,85.0,29.0,30.0,30.0,30.0,1.5,1.5,0.0,0.0,None,1.0
VL354F,12/01/2010,38,403272.0,85.0,85.0,32.0,30.0,33.0,30.0,1.0,1.0,0.0,0.0,Normal Maintain,-3.0
VL354F,26/03/2010,73,427279.0,85.0,85.0,33.0,29.0,33.0,29.0,2.0,2.0,0.0,0.0,Normal Maintain,-1.0
VL354F,11/04/2010,16,436839.0,85.0,85.0,32.0,31.0,33.0,31.0,1.5,1.5,0.0,0.0,None,1.0
VL354F,3/05/2010,22,443517.0,82.0,82.0,31.0,31.0,29.5,29.0,3.0,3.0,0.0,0.0,None,1.0
VL354F,23/06/2010,51,476986.7,77.0,77.0,30.0,30.0,29.0,29.0,0.0,0.0,0.0,0.0,None,1.0
VL354F,12/08/2010,50,497986.2,84.0,84.0,29.0,28.0,30.0,29.0,0.5,0.5,0.0,0.0,None,1.0
VL354F,13/08/2010,1,498361.0,75.0,75.0,30.0,30.0,29.0,29.0,0.5,0.5,0.0,0.0,Normal Maintain,-1.0
VL354F,13/09/2010,31,511297.0,78.0,78.0,30.0,30.0,30.5,30.0,0.5,0.5,0.0,0.0,None,0.0
VL354F,20/10/2010,37,528279.0,74.0,74.0,31.0,30.0,28.0,29.0,0.5,0.0,0.0,0.0,Normal Maintain,-1.0
VL354F,21/03/2011,152,583766.0,75.0,75.0,32.5,32.5,31.0,31.0,2.0,1.5,0.0,0.0,Normal Maintain,-1.5
VL354F,6/04/2011,16,585861.0,74.0,74.0,32.0,32.0,29.0,29.5,0.5,0.5,0.0,0.0,None,0.5
VL354F,28/04/2011,22,603117.0,71.0,71.0,33.0,32.0,28.0,29.0,0.5,1.0,0.0,0.0,Normal Maintain,-1.0
VL354F,24/05/2011,26,620213.0,74.0,74.0,32.0,33.0,31.0,30.0,0.5,1.0,0.0,0.0,None,1.0
VL354F,21/06/2011,28,639007.0,73.0,74.0,34.0,31.5,31.0,30.5,2.0,2.0,0.0,0.0,Normal Maintain,-2.0
VL354F,9/08/2011,49,670393.0,72.0,72.0,32.0,32.0,31.5,32.0,3.0,3.0,0.0,0.0,None,2.0
VL354F,19/09/2011,41,688509.3,50.0,50.0,29.0,28.5,29.0,29.0,0.0,0.0,0.0,0.0,None,3.0
VL354F,28/09/2011,9,692486.0,65.0,65.0,27.0,27.0,31.0,30.0,1.0,0.5,0.0,0.0,None,2.0
VL354F,23/10/2011,25,709655.0,69.0,69.0,26.5,26.0,30.0,30.0,0.5,0.5,0.0,0.0,None,0.5
VL354F,15/11/2011,23,717828.0,68.0,68.0,26.0,27.0,31.5,30.0,0.0,0.0,0.0,0.0,None,0.5
VL354F,18/12/2011,33,729349.2,68.0,68.0,26.5,26.0,29.0,30.0,1.0,1.0,0.0,0.0,Normal Maintain,-0.5
VL354F,2/02/2012,46,745409.0,68.0,68.0,27.0,27.0,28.0,30.0,0.0,0.0,0.0,0.0,Normal Maintain,-0.5
VL354F,2/03/2012,29,750316.0,66.0,66.0,26.5,26.0,30.0,30.0,1.0,1.0,0.0,0.0,None,0.5
VL354F,31/03/2012,29,778636.0,68.0,68.0,27.0,26.5,30.0,31.0,0.5,1.0,0.0,0.0,Normal Maintain,-0.5
VL354F,7/05/2012,37,802581.0,67.0,67.0,27.0,27.5,30.0,31.0,1.0,1.0,0.0,0.0,None,0.0
VL354F,17/07/2012,71,822705.4,84.0,84.0,29.5,29.5,28.5,28.5,0.0,0.0,0.0,0.0,Normal Maintain,-2.5
VL354F,1/08/2012,15,826957.0,65.0,65.0,26.0,26.0,30.0,31.0,0.5,0.5,0.0,0.0,None,3.5
VL354F,11/09/2012,41,838199.0,65.0,65.0,28.0,25.0,30.0,32.0,1.5,1.5,0.0,0.0,Normal Maintain,-2.0
VL354F,17/10/2012,36,845972.0,56.0,56.0,26.0,27.0,29.0,29.0,0.5,0.5,0.0,0.0,None,2.0
VL354F,27/02/2013,133,871678.0,89.0,89.0,28.0,28.0,29.0,28.0,0.0,0.0,0.0,0.0,Normal Maintain,-2.0
VL354F,4/04/2013,36,881207.0,90.0,89.0,28.0,27.0,28.0,28.0,0.0,0.0,0.0,0.0,None,0.0
VL354F,7/05/2013,33,889095.0,90.0,90.0,28.0,27.0,28.0,28.0,0.0,0.0,0.0,0.0,None,0.0
VL354F,14/06/2013,38,898837.0,89.0,89.0,27.0,27.0,28.0,28.0,0.0,0.0,0.0,0.0,None,1.0
VL354F,13/08/2013,60,917046.0,90.0,90.0,27.0,27.0,28.5,28.0,0.5,0.5,0.0,0.0,None,0.0
VL354F,17/08/2013,4,918736.0,74.0,74.0,30.0,30.0,28.0,28.0,0.0,0.0,0.0,0.0,Normal Maintain,-3.0
VL354F,18/09/2013,32,932256.0,77.0,78.0,28.0,30.0,28.0,28.0,0.0,0.0,0.0,0.0,None,2.0
VL354F,26/10/2013,38,938679.0,79.0,78.0,27.5,29.0,28.5,29.5,0.0,0.0,0.0,0.0,None,0.5
VL354F,26/11/2013,31,949558.0,80.0,80.0,27.0,28.0,29.5,29.0,0.0,0.0,0.0,0.0,None,0.5
VL354F,28/12/2013,32,962174.0,77.0,78.0,26.0,26.5,28.0,29.0,0.0,0.0,0.0,0.0,None,1.0
VL354F,22/01/2014,25,971619.8,62.0,62.0,30.0,30.0,28.0,28.0,0.0,0.0,0.0,0.0,Change Wheel,-4.0
VL354F,4/03/2014,41,987111.0,65.0,65.0,27.0,26.0,29.0,28.0,0.0,0.0,0.0,1.0,None,3.0
VL354F,4/04/2014,31,997613.0,65.0,65.0,26.0,26.0,29.0,28.0,0.0,0.0,0.0,0.5,None,1.0
VL354F,28/05/2014,54,1001448.0,65.5,65.5,27.0,26.0,29.0,29.0,0.0,0.0,0.0,0.0,Normal Maintain,-1.0
VL354F,18/07/2014,51,1011287.0,66.0,65.0,26.0,25.0,29.0,28.0,0.0,0.0,0.0,0.0,None,1.0
VL354F,20/08/2014,33,1022475.9,50.5,50.5,30.0,29.0,28.0,28.0,0.0,0.0,0.0,0.0,Change Wheel,-4.0
VL354F,21/08/2014,1,1022815.0,52.0,52.0,30.0,30.0,28.0,28.0,0.0,0.0,0.0,0.0,None,0.0
VL354F,22/09/2014,32,1035476.0,54.0,54.0,27.5,26.5,28.0,28.0,0.0,0.0,0.0,0.0,None,2.5
VL354F,23/10/2014,31,1046319.0,55.0,55.0,25.0,23.0,29.0,28.0,0.5,0.5,0.5,0.5,None,2.5
VL354F,20/11/2015,393,1046558.0,70.0,70.0,28.0,28.0,28.0,28.0,0.0,0.0,0.0,0.0,Normal Maintain,-3.0
VL354F,8/02/2016,80,1048068.0,70.0,70.0,29.0,28.0,28.0,28.0,0.0,0.0,0.0,0.0,Normal Maintain,-1.0
VL354F,9/04/2016,61,1055435.0,69.0,68.0,27.0,27.0,30.0,29.0,0.0,0.0,0.0,0.0,None,2.0
VL354F,7/06/2016,59,1060938.0,66.0,66.0,28.0,28.0,29.0,29.0,0.1,0.1,0.0,0.0,Normal Maintain,-1.0
VL354F,17/08/2016,71,1071817.0,67.0,66.0,27.0,26.0,28.5,29.0,0.0,0.5,0.0,0.0,None,1.0
VL354F,25/08/2016,8,1072082.0,57.5,57.5,28.0,28.0,28.0,28.0,0.0,0.0,0.0,0.0,Normal Maintain,-1.0
VL354F,21/09/2016,27,1077383.0,61.0,61.0,29.0,30.0,29.0,28.0,0.0,0.0,0.0,0.0,Normal Maintain,-1.0
VL354F,21/10/2016,30,1080263.0,59.0,61.0,28.0,27.0,28.0,28.0,0.0,0.0,0.0,0.0,None,1.0
VL354F,21/01/2017,92,1089095.0,55.0,54.0,27.0,27.0,29.0,28.5,0.5,0.5,0.0,0.0,None,1.0
VL354F,2/02/2017,12,1093432.3,53.5,53.5,27.0,27.0,28.0,28.0,0.0,0.0,0.0,0.0,None,0.0
VL354F,24/02/2017,22,1101384.0,57.0,57.0,27.0,27.0,29.0,28.0,0.0,0.0,0.0,0.0,None,0.0
VL354F,7/08/2017,164,1113946.0,54.0,55.0,25.0,25.0,29.0,28.0,1.0,0.0,0.0,0.0,None,2.0
VL354F,3/10/2017,57,1119128.0,54.0,55.0,25.0,26.0,29.0,30.0,1.0,1.0,0.0,0.0,None,0.0
VL354F,22/11/2017,50,1123204.4,53.0,54.0,25.0,25.0,29.0,28.0,0.5,0.5,0.0,0.0,None,0.0
VL354F,14/12/2017,22,1124998.0,85.0,85.0,28.0,28.0,30.0,30.0,0.0,0.0,0.0,0.0,Normal Maintain,-3.0
VL354F,13/08/2018,242,1142840.0,84.0,85.0,28.0,28.0,28.0,28.0,0.0,0.0,0.0,0.0,None,0.0
VL354F,8/01/2019,148,1157871.0,85.0,85.0,27.0,28.0,29.0,29.0,0.0,0.0,0.0,0.0,None,0.0
VL355Y,9/01/2010,0,386013.0,70.0,70.0,28.0,26.0,31.0,30.0,1.0,1.0,0.0,0.5,None,0.0
VL355Y,28/03/2010,78,414191.0,62.0,63.0,28.0,28.0,28.0,28.0,0.5,1.0,0.0,0.0,None,0.0
VL355Y,29/08/2010,154,453897.0,60.0,59.0,26.5,26.0,28.5,28.0,1.0,0.5,0.0,0.5,None,1.5
VL355Y,15/09/2010,17,456695.0,58.0,57.0,27.0,26.0,30.5,28.0,0.5,0.5,0.0,0.0,Normal Maintain,-0.5
VL355Y,28/10/2010,43,468208.0,56.0,57.0,28.0,25.0,29.0,29.0,0.0,0.0,0.0,0.0,Normal Maintain,-1.0
VL355Y,13/12/2010,46,485213.0,57.0,57.0,28.0,27.0,27.0,27.0,0.0,0.5,0.0,0.0,None,0.0
VL355Y,28/01/2011,46,493819.0,45.0,45.0,25.0,24.5,29.0,29.0,0.0,0.0,0.0,0.0,None,3.0
VL355Y,9/04/2011,71,516140.0,84.0,84.0,28.0,27.0,28.5,28.5,0.5,0.5,0.0,0.0,Normal Maintain,-3.0
VL355Y,28/05/2011,49,546720.0,45.0,45.0,23.0,24.0,30.0,30.0,1.0,1.5,0.0,0.0,None,5.0
VL355Y,2/08/2011,66,564095.0,88.0,88.0,30.0,30.0,28.0,28.0,0.0,0.0,0.0,0.0,Change Wheel,-7.0
VL355Y,16/09/2011,45,578954.0,89.0,89.0,30.5,30.5,28.5,27.5,0.0,0.0,0.0,0.0,Normal Maintain,-0.5
VL355Y,17/10/2011,31,589379.0,88.0,89.0,29.0,29.0,29.0,28.0,0.0,0.0,0.0,0.0,None,1.5
VL355Y,14/11/2011,28,597142.0,89.0,89.0,28.5,29.0,28.0,28.0,1.0,1.0,0.0,0.0,None,0.5
VL355Y,14/12/2011,30,608718.0,90.0,90.0,28.0,30.0,28.0,28.0,1.0,1.0,0.0,0.0,None,0.5
VL355Y,25/01/2012,42,619490.0,86.0,86.0,30.0,29.0,28.0,28.0,0.0,0.0,0.0,0.0,Normal Maintain,-2.0
VL355Y,25/02/2012,31,630603.0,83.0,83.0,28.0,28.0,28.5,28.5,0.0,0.0,0.0,0.0,None,2.0
VL355Y,16/05/2012,81,646017.0,85.0,85.0,29.0,27.0,28.0,28.0,0.0,0.0,0.0,0.0,Normal Maintain,-1.0
VL355Y,28/05/2012,12,661998.0,83.0,84.0,28.0,27.0,28.0,29.0,0.1,0.1,0.0,0.0,None,1.0
VL355Y,25/06/2012,28,674076.0,79.5,79.0,27.0,27.0,28.0,28.0,0.2,0.1,0.0,0.0,None,1.0
VL355Y,23/07/2012,28,684309.0,86.0,83.0,29.0,27.0,28.0,29.0,0.0,0.0,0.0,0.0,Normal Maintain,-2.0
VL355Y,1/08/2012,9,687140.0,68.5,68.0,30.0,30.0,28.0,28.0,0.0,0.0,0.0,0.0,Normal Maintain,-1.0
VL355Y,14/01/2013,166,739357.0,70.0,70.0,28.0,27.0,29.0,29.0,0.0,0.0,0.0,0.2,None,2.0
VL355Y,21/02/2013,38,750876.0,70.0,70.0,28.0,26.0,29.0,29.0,0.0,0.0,0.0,0.5,None,0.0
VL355Y,3/04/2013,41,763080.0,67.0,66.5,27.5,24.0,30.0,29.0,0.5,0.5,0.0,0.0,None,0.5
VL355Y,4/04/2013,1,763260.2,53.5,53.5,29.0,28.0,28.0,28.0,0.0,0.0,0.0,0.0,Normal Maintain,-1.5
VL355Y,15/04/2013,11,765242.0,60.0,60.0,27.0,27.5,29.0,28.5,0.0,0.0,0.0,0.0,None,2.0
VL355Y,4/07/2013,80,778462.0,57.0,57.0,25.0,25.0,28.0,28.0,0.0,0.0,0.0,0.0,None,2.0
VL355Y,12/08/2013,39,789122.0,57.0,57.0,24.5,24.5,28.0,28.0,0.5,0.5,0.0,0.0,None,0.5
VL355Y,20/08/2013,8,791902.4,44.5,44.5,28.0,27.0,28.0,28.0,0.0,0.0,0.0,0.0,Normal Maintain,-3.5
VL355Y,12/09/2013,23,799896.0,46.0,45.0,24.5,25.0,28.0,27.0,0.0,0.0,0.0,0.0,None,3.5
VL355Y,15/10/2013,33,808535.0,46.0,47.0,24.5,23.0,28.5,28.5,0.0,0.0,0.0,0.0,None,0.0
VL355Y,30/12/2013,76,822331.0,85.0,85.0,28.0,28.0,28.0,28.0,0.0,0.0,0.0,0.0,Normal Maintain,-3.5
VL355Y,1/02/2014,33,835778.0,89.0,90.0,28.0,28.0,28.0,28.0,0.0,0.0,0.0,0.0,None,0.0
VL355Y,5/03/2014,32,845167.0,90.0,90.0,27.0,27.0,28.0,28.0,0.0,0.5,0.0,0.0,None,1.0
VL355Y,7/04/2014,33,857537.0,88.0,88.0,27.5,27.0,28.0,28.0,0.0,0.5,0.0,0.0,Normal Maintain,-0.5
VL355Y,6/05/2014,29,864323.5,89.0,89.0,27.5,27.0,28.5,28.5,0.5,0.5,0.2,0.2,None,0.0
VL355Y,27/05/2014,21,869237.8,75.5,75.0,30.0,30.0,28.0,28.0,0.0,0.0,0.0,0.0,Normal Maintain,-2.5
VL355Y,5/06/2014,9,871344.0,80.0,80.0,30.0,30.0,30.0,29.0,0.0,0.0,0.0,0.0,None,0.0
VL355Y,9/07/2014,34,883902.0,76.0,77.0,29.0,29.0,31.0,29.0,0.0,0.0,0.0,0.0,None,1.0
VL355Y,9/08/2014,31,894971.0,78.0,78.0,28.0,27.0,28.0,28.5,0.5,0.5,0.5,0.0,None,1.0
VL355Y,11/09/2014,33,906993.5,77.0,77.0,27.0,25.0,28.0,30.0,0.0,0.0,0.2,0.2,None,1.0
VL355Y,26/09/2014,15,912458.2,66.0,66.0,29.0,29.0,28.0,28.0,0.0,0.0,0.0,0.0,Normal Maintain,-2.0
VL355Y,11/10/2014,15,917923.0,70.0,70.0,28.0,27.0,28.0,28.0,0.0,0.0,0.0,0.0,None,1.0
VL355Y,28/10/2014,17,922564.0,56.5,57.0,28.0,28.0,28.0,28.0,0.0,0.0,0.0,0.0,None,0.0
VL355Y,10/11/2014,13,926113.0,58.0,56.0,26.0,27.0,29.0,27.5,0.0,0.0,0.0,0.0,None,2.0
VL355Y,2/01/2015,53,934698.2,43.5,43.5,30.0,30.0,28.0,28.0,0.0,0.0,0.0,0.0,Change Wheel,-4.0
VL355Y,12/01/2015,10,936318.0,45.0,45.0,30.0,28.5,29.0,28.5,0.0,0.0,0.0,0.0,None,0.0
VL355Y,22/01/2015,10,939966.0,47.0,47.0,28.0,28.0,28.0,28.0,0.0,0.0,0.0,0.0,None,2.0
VL355Y,22/05/2015,120,939967.0,80.0,80.0,30.0,30.0,29.0,29.0,0.0,0.0,0.0,0.0,Normal Maintain,-2.0
VL355Y,16/06/2015,25,939967.0,80.0,80.0,30.0,30.0,29.0,29.0,0.0,0.0,0.0,0.0,None,0.0
VL355Y,24/08/2015,69,953327.0,88.0,88.0,29.0,28.0,29.0,28.0,0.0,0.0,0.0,0.0,None,1.0
VL355Y,6/10/2015,43,959482.0,85.0,85.0,28.0,28.0,28.0,29.0,0.0,0.0,0.0,0.0,None,1.0
VL355Y,8/12/2015,63,966697.0,87.0,87.0,28.0,27.0,28.0,28.0,1.0,1.0,0.1,0.1,None,0.0
VL355Y,11/01/2016,34,970844.0,89.0,89.0,27.0,27.0,29.0,29.0,1.0,1.0,0.0,0.0,None,1.0
VL355Y,16/02/2016,36,973745.0,85.0,85.0,27.0,27.0,29.0,29.0,0.1,0.1,0.0,0.0,None,0.0
VL355Y,4/04/2016,48,980076.0,89.0,89.0,27.0,26.0,28.0,28.0,0.0,0.0,0.0,0.0,None,0.0
VL355Y,30/05/2016,56,981864.0,87.0,88.0,27.5,27.0,29.0,29.0,0.0,0.0,0.0,0.0,Normal Maintain,-0.5
VL355Y,2/08/2016,64,1002783.0,88.0,89.0,28.5,26.5,29.0,29.0,0.0,0.0,0.0,0.0,Normal Maintain,-1.0
VL355Y,20/09/2016,49,1015325.0,88.0,88.0,28.0,26.5,29.5,29.5,0.0,0.0,0.0,0.5,None,0.5
VL355Y,21/10/2016,31,1021433.0,76.5,76.5,30.0,30.0,28.0,29.0,0.0,0.0,0.0,0.0,Normal Maintain,-2.0
VL355Y,22/11/2016,32,1036096.0,73.0,73.0,29.0,29.0,28.0,29.0,0.0,0.0,0.0,0.0,None,1.0
VL355Y,7/01/2017,46,1054514.0,72.0,72.0,28.0,28.0,30.0,29.0,0.0,0.0,0.0,0.0,None,1.0
VL355Y,7/02/2017,31,1069186.0,74.0,74.0,29.0,28.0,28.0,30.0,0.0,0.0,0.0,0.0,Normal Maintain,-1.0
VL355Y,7/03/2017,28,1076052.6,73.0,72.0,28.5,28.0,28.0,29.0,0.0,0.0,0.0,0.0,None,0.5
VL355Y,3/05/2017,57,1090031.0,71.0,71.0,28.0,27.0,28.0,29.0,1.0,1.0,0.1,0.1,None,0.5
VL355Y,3/07/2017,61,1101257.0,62.5,62.5,28.0,28.0,28.0,28.0,0.0,0.0,0.0,0.0,None,0.0
VL355Y,14/07/2017,11,1101492.0,62.0,62.0,29.0,28.0,28.5,29.0,0.0,0.0,0.0,0.0,Normal Maintain,-1.0
VL355Y,21/08/2017,38,1111386.0,65.0,65.0,27.0,26.0,28.0,29.0,1.0,1.0,0.0,0.0,None,2.0
VL355Y,23/01/2018,155,1126898.1,50.0,50.0,30.0,30.0,28.0,28.0,0.0,0.0,0.0,0.0,Normal Maintain,-3.0
VL355Y,13/07/2018,171,1139370.7,54.0,53.0,29.0,27.0,28.0,29.0,0.0,0.0,0.0,0.0,None,0.0
VL356A,25/09/2009,0,249567.3,80.0,80.0,31.0,27.0,30.0,29.0,0.0,0.0,0.0,0.0,None,0.0
VL356A,23/01/2010,120,299271.0,80.0,80.0,31.0,32.0,31.0,32.0,1.5,1.5,0.0,0.0,None,0.0
VL356A,23/02/2010,31,310050.0,71.0,70.0,30.0,31.0,28.0,28.0,0.5,0.2,0.2,0.2,None,1.0
VL356A,24/04/2010,60,330473.0,73.0,73.0,28.0,26.0,28.0,28.0,0.0,0.0,0.0,0.0,None,2.0
VL356A,26/06/2010,63,356796.0,72.0,72.0,26.0,24.5,29.0,28.0,0.5,0.0,0.0,0.0,None,2.0
VL356A,29/07/2010,33,369583.0,72.0,73.0,27.0,25.5,28.0,29.0,0.5,0.5,0.0,0.5,Normal Maintain,-1.0
VL356A,23/09/2010,56,388798.0,71.0,73.0,27.0,25.5,28.5,29.0,0.5,0.5,0.0,0.0,None,0.0
VL356A,15/11/2010,53,397270.1,61.0,60.0,26.0,23.5,29.0,28.5,0.0,0.0,0.0,0.5,None,1.0
VL356A,9/02/2011,86,34896.0,89.0,89.0,29.0,29.0,27.0,29.0,0.0,0.0,0.0,0.0,Normal Maintain,-3.0
VL356A,27/06/2011,138,68975.0,84.0,84.0,28.0,27.0,29.0,29.0,0.5,0.5,0.0,0.0,None,1.0
VL356A,27/07/2011,30,77882.0,85.0,85.0,28.0,27.5,29.0,30.0,0.0,0.0,0.0,0.0,None,0.0
VL356A,28/08/2011,32,90428.0,85.0,85.0,29.0,28.0,30.0,29.0,0.0,0.0,0.0,0.0,Normal Maintain,-1.0
VL356A,3/11/2011,67,113838.0,85.0,85.0,28.0,27.0,30.0,30.0,0.0,0.0,0.0,0.0,None,1.0
VL356A,8/12/2011,35,124346.0,85.0,85.0,27.0,25.0,30.0,30.0,1.0,1.0,0.0,0.5,None,1.0
VL356A,9/01/2012,32,132599.0,74.0,74.0,27.0,28.0,28.0,29.0,0.0,0.0,0.0,0.0,None,0.0
VL356A,6/02/2012,28,142889.0,75.0,75.0,30.0,28.0,28.0,28.0,0.0,0.0,0.0,0.0,Normal Maintain,-3.0
VL356A,7/02/2012,1,152819.0,75.0,75.0,29.0,25.0,27.0,27.0,0.0,0.0,0.0,0.0,None,1.0
VL356A,15/05/2012,98,174691.0,75.0,75.0,26.5,25.0,28.5,28.5,0.0,0.0,0.0,0.0,None,2.5
VL356A,18/06/2012,34,185945.0,74.0,74.0,27.0,24.0,28.5,29.0,1.0,0.5,0.0,0.0,Normal Maintain,-0.5
VL356A,25/07/2012,37,197250.4,72.0,72.0,26.0,25.0,29.0,29.0,0.5,0.5,0.0,0.0,None,1.0
VL356A,17/08/2012,23,204278.0,62.5,62.0,30.0,30.0,28.0,28.0,0.0,0.0,0.0,0.0,Change Wheel,-4.0
VL356A,27/08/2012,10,205271.0,62.5,61.0,30.0,29.0,28.0,28.0,0.0,0.0,0.0,0.0,None,0.0
VL356A,27/09/2012,31,213229.8,61.5,60.5,28.0,26.0,28.0,28.0,0.0,0.0,0.0,0.0,None,2.0
VL356A,18/10/2012,21,218621.3,58.0,58.5,29.0,26.0,28.0,28.0,0.0,0.0,0.0,0.0,Normal Maintain,-1.0
VL356A,30/11/2012,43,229661.0,61.0,61.0,29.0,26.0,28.0,28.0,0.0,0.0,0.0,0.0,None,0.0
VL356A,4/01/2013,35,240450.0,62.0,61.0,29.0,25.0,28.0,28.0,0.0,0.2,0.0,0.5,None,0.0
VL356A,29/01/2013,25,250237.0,65.0,64.0,28.0,24.0,29.0,29.0,0.5,0.5,0.0,1.0,None,1.0
VL356A,4/03/2013,34,257822.9,65.0,60.0,29.0,24.0,29.0,29.0,0.0,0.0,0.0,0.5,Normal Maintain,-1.0
VL356A,14/03/2013,10,260054.0,50.5,50.5,28.0,27.0,28.0,28.0,0.0,0.0,0.0,0.0,None,1.0
VL356A,12/04/2013,29,273530.0,55.0,55.0,27.0,26.0,28.0,27.0,0.0,0.0,0.0,0.0,None,1.0
VL356A,17/06/2013,66,291387.0,54.0,55.0,27.5,24.5,28.0,27.0,0.0,0.0,0.0,0.0,Normal Maintain,-0.5
VL356A,25/09/2013,100,303443.0,85.0,85.0,30.5,31.0,28.0,28.0,0.0,0.0,0.0,0.0,Normal Maintain,-3.0
VL356A,17/01/2014,114,308519.0,88.0,89.0,29.0,29.0,29.0,29.0,0.0,0.0,0.0,0.0,None,1.5
VL356A,18/02/2014,32,316785.0,89.0,89.0,28.0,28.0,28.0,28.0,0.0,0.0,0.0,0.0,None,1.0
VL356A,26/03/2014,36,328072.0,89.0,89.0,27.0,27.0,28.0,28.0,0.0,0.0,0.0,0.0,None,1.0
VL356A,4/05/2014,39,338343.0,90.0,90.0,27.0,26.0,28.0,28.0,0.0,0.0,0.0,0.0,None,0.0
VL356A,12/06/2014,39,346584.0,88.0,88.0,27.0,26.5,28.0,28.0,0.0,0.0,0.0,0.0,None,0.0
VL356A,12/07/2014,30,354963.0,88.0,88.0,28.0,27.0,28.5,28.5,0.5,0.5,0.5,0.5,Normal Maintain,-1.0
VL356A,11/08/2014,30,364623.0,88.0,88.0,26.0,26.0,29.0,28.0,0.5,0.5,0.5,0.5,None,2.0
VL356A,15/08/2014,4,365772.9,75.0,74.5,30.0,30.0,28.0,28.0,0.0,0.0,0.0,0.0,Change Wheel,-4.0
VL356A,15/09/2014,31,374685.0,79.0,79.0,28.0,27.0,28.0,28.0,0.0,0.0,0.0,0.0,None,2.0
VL356A,20/10/2014,35,383832.0,79.0,79.0,27.5,27.0,28.0,28.0,0.0,0.0,0.0,0.0,None,0.5
VL356A,25/11/2014,36,397670.0,78.0,78.0,26.0,27.0,28.0,28.0,0.5,0.5,0.5,0.5,None,1.5
VL356A,23/12/2014,28,406249.5,61.5,61.5,30.0,30.0,28.0,28.0,0.0,0.0,0.0,0.0,Change Wheel,-4.0
VL356A,29/12/2014,6,408088.0,66.0,67.0,30.0,29.0,29.0,29.5,0.0,0.0,0.0,0.0,None,0.0
VL356A,5/02/2015,38,421208.0,63.0,66.0,28.0,29.0,28.0,27.5,0.5,0.0,0.0,0.0,None,2.0
VL356A,10/03/2015,33,435643.0,67.0,67.0,28.0,28.0,28.0,28.0,0.0,0.0,0.0,0.0,None,0.0
VL356A,8/04/2015,29,449012.0,65.0,66.0,26.0,27.0,29.0,28.0,0.5,0.0,0.0,0.0,None,2.0
VL356A,16/05/2015,38,462403.0,64.0,65.0,26.0,26.0,30.0,30.0,0.0,0.0,0.2,0.0,None,0.0
VL356A,19/05/2015,3,462578.5,49.0,49.0,28.0,28.0,28.0,28.0,0.0,0.0,0.0,0.0,Normal Maintain,-2.0
VL356A,2/09/2015,106,468778.0,53.0,53.0,27.5,27.0,28.0,28.0,0.0,0.0,0.0,0.0,None,0.5
VL356A,4/12/2015,93,478384.0,49.0,49.0,27.0,26.0,29.0,28.0,0.0,0.0,0.0,0.0,None,0.5
VL356A,6/01/2016,33,482967.0,50.0,50.0,27.0,27.0,29.0,29.0,1.0,1.0,0.0,0.0,None,0.0
VL356A,23/02/2016,48,491737.0,52.0,53.0,26.0,26.0,29.0,29.0,1.0,1.0,0.0,0.1,None,1.0
VL356A,31/03/2016,37,492949.0,50.0,50.0,26.0,26.0,28.0,29.0,0.0,0.0,0.0,0.0,None,0.0
VL356A,12/05/2016,42,498092.0,52.0,52.0,26.0,26.0,29.0,29.0,0.0,0.0,0.0,0.0,None,0.0
VL356A,11/07/2016,60,503453.0,60.0,60.0,29.0,29.0,28.0,28.0,0.0,0.0,0.0,0.0,Normal Maintain,-3.0
VL356A,24/08/2016,44,513314.6,58.0,55.0,30.0,29.0,30.0,29.0,0.0,0.0,0.0,0.0,Normal Maintain,-1.0
VL356A,5/10/2016,42,522728.0,60.0,60.0,28.5,28.0,27.5,28.5,0.0,0.0,0.0,0.0,None,1.5
VL356A,8/12/2016,64,540084.0,61.0,61.0,29.5,28.0,28.5,28.0,0.5,0.5,0.0,0.0,Normal Maintain,-1.0
VL356A,14/01/2017,37,546557.0,60.0,61.0,29.0,28.0,28.0,28.0,0.0,0.0,0.0,0.0,None,0.5
VL356A,3/03/2017,48,558009.0,60.0,60.0,30.0,28.0,28.5,28.5,0.0,0.5,0.0,0.0,Normal Maintain,-1.0
VL356A,4/05/2017,62,572103.3,60.0,61.0,29.0,28.0,29.0,29.0,2.0,2.0,0.0,0.0,None,1.0
VL356A,3/07/2017,60,585743.0,60.0,60.0,30.5,28.0,29.5,29.0,0.0,1.0,0.0,0.0,Normal Maintain,-1.5
VL356A,18/07/2017,15,587442.2,49.0,49.0,31.0,31.0,28.0,28.0,0.0,0.0,0.0,0.0,Normal Maintain,-0.5
VL356A,22/08/2017,35,591407.0,52.0,52.0,30.0,29.5,28.0,29.0,0.0,0.0,0.0,0.0,None,1.0
VL356A,24/10/2017,63,605685.0,50.0,50.0,30.0,29.0,28.5,28.0,0.0,0.0,0.0,0.0,None,0.0
VL356A,15/11/2017,22,610671.0,50.0,51.0,29.5,28.5,28.5,29.0,0.0,0.0,0.0,0.0,None,0.5
VL356A,28/11/2017,13,612931.4,48.0,48.0,31.0,31.0,28.0,28.0,0.0,0.0,0.0,0.0,Normal Maintain,-1.5
VL356A,10/12/2017,12,615018.0,42.0,43.0,31.0,30.5,28.0,28.0,0.0,0.0,0.0,0.0,None,0.0
VL356A,28/05/2018,169,647339.0,46.0,46.0,30.0,29.0,29.0,28.0,0.0,0.0,0.0,0.0,None,1.0
VL356A,25/07/2018,58,655414.0,46.0,46.0,29.0,28.0,29.0,29.0,0.0,0.0,0.0,0.0,None,1.0
VL356A,4/09/2018,41,660428.0,46.0,46.0,30.0,28.0,29.0,29.0,0.0,0.0,0.0,0.0,Normal Maintain,-1.0
VL356A,18/10/2018,44,668169.0,45.0,45.0,30.0,28.0,29.0,29.0,0.0,0.0,0.0,0.0,None,0.0
VL356A,21/11/2018,34,673012.8,45.0,45.0,30.0,29.0,28.0,29.0,0.0,0.0,0.0,0.0,None,0.0
VL356A,14/01/2019,54,680706.0,43.0,45.0,29.0,28.0,29.0,29.0,0.0,0.0,0.0,0.0,None,1.0
VL356A,2/07/2019,169,703996.0,90.0,90.0,30.0,30.0,27.0,27.0,0.0,0.0,0.0,0.0,Normal Maintain,-1.0
VL356A,3/09/2019,63,715137.0,89.0,89.0,29.0,29.0,29.0,28.0,0.0,0.0,0.0,0.0,None,1.0
VL356A,29/10/2019,56,729197.0,86.0,85.0,28.0,29.0,28.0,29.0,0.0,0.0,0.0,0.0,None,1.0
VL356A,16/12/2019,48,741652.0,87.0,87.0,28.0,29.0,28.0,29.0,0.0,0.0,0.0,0.0,None,0.0
VL356A,18/05/2020,154,765561.6,80.5,80.5,31.0,31.0,28.0,28.0,0.0,0.0,0.0,0.0,None,0.0
VL357J,20/09/2009,0,282927.0,75.0,74.0,28.0,31.0,29.0,30.0,1.0,1.0,0.0,0.0,None,0.0
VL357J,28/09/2009,8,288739.0,78.0,79.0,28.5,31.0,30.0,29.0,1.0,0.5,0.0,0.0,Normal Maintain,-0.5
VL357J,8/11/2009,41,308570.0,77.0,77.0,28.5,30.5,30.0,29.0,0.5,0.5,0.0,0.0,None,0.0
VL357J,20/12/2009,42,331373.0,75.0,75.0,28.0,31.0,30.0,30.0,1.0,1.0,0.0,0.0,None,0.5
VL357J,7/01/2010,18,342777.0,73.0,74.0,28.0,31.0,27.0,27.0,2.0,2.0,0.5,0.0,None,0.0
VL357J,25/01/2010,18,357754.0,76.0,77.0,28.0,31.0,31.0,30.0,1.0,1.0,0.5,0.0,None,0.0
VL357J,30/01/2010,5,360710.0,80.0,75.0,28.5,32.0,32.5,31.5,1.5,1.0,0.5,0.0,Normal Maintain,-0.5
VL357J,16/03/2010,45,379370.0,70.0,70.0,28.5,32.0,30.0,30.0,1.0,1.0,0.0,0.0,None,0.0
VL357J,25/04/2010,40,397703.0,75.0,75.0,27.0,32.0,32.0,30.0,0.5,1.0,0.0,0.0,None,1.5
VL357J,12/07/2010,78,450117.7,68.0,68.0,25.0,28.0,28.5,28.0,0.5,0.5,0.0,0.0,None,2.0
VL357J,5/08/2010,24,465882.0,69.0,69.0,24.0,28.5,28.5,28.0,0.5,0.5,0.0,0.0,None,1.0
VL357J,13/10/2010,69,498700.0,66.0,68.0,24.0,28.5,30.0,29.5,0.5,1.0,0.5,1.0,None,0.0
VL357J,14/11/2010,32,513395.7,65.0,65.0,23.0,27.5,32.0,30.0,1.0,1.0,1.0,1.0,None,1.0
VL357J,17/01/2011,64,542787.0,67.0,67.0,24.0,29.0,31.0,30.0,1.5,1.5,0.5,0.0,Normal Maintain,-1.0
VL357J,26/02/2011,40,552508.0,65.0,65.0,24.0,29.5,30.0,30.0,1.5,1.0,0.0,0.0,None,0.0
VL357J,13/04/2011,46,290771.5,54.0,54.0,29.0,29.0,29.0,28.5,0.0,0.0,0.0,0.0,Change Wheel,-5.0
VL357J,13/05/2011,30,581543.0,55.0,55.0,28.0,28.0,28.5,29.5,0.0,0.0,0.0,0.0,None,1.0
VL357J,26/06/2011,44,611597.0,52.0,52.0,26.0,27.5,29.0,28.0,0.5,0.5,0.0,0.0,None,2.0
VL357J,26/07/2011,30,624858.0,55.0,55.0,26.0,27.0,29.5,29.0,1.0,1.0,0.0,0.0,None,0.0
VL357J,9/08/2011,14,628606.0,54.0,55.0,26.5,27.5,25.5,28.5,1.0,1.0,0.0,0.0,Normal Maintain,-0.5
VL357J,17/10/2011,69,664804.0,50.0,50.0,27.5,28.0,28.0,28.0,0.0,0.0,0.0,0.0,Normal Maintain,-1.0
VL357J,20/11/2011,34,691435.0,50.0,50.0,27.0,26.5,29.5,29.0,0.5,0.5,0.0,0.0,None,0.5
VL357J,29/11/2011,9,692896.5,51.0,50.0,27.0,27.0,29.0,29.0,0.5,0.5,0.0,0.0,None,0.0
VL357J,6/12/2011,7,694033.2,90.0,90.0,26.0,26.0,28.0,28.5,0.5,0.0,0.0,0.0,None,1.0
VL357J,21/12/2011,15,696469.0,84.0,84.0,30.5,30.5,28.0,28.0,0.0,0.0,0.0,0.0,Change Wheel,-4.5
VL357J,7/02/2012,48,716686.0,84.0,84.0,30.0,29.5,29.0,28.5,0.0,0.0,0.0,0.0,None,0.5
VL357J,3/06/2012,117,766357.9,87.0,88.0,29.0,29.0,27.0,28.0,2.0,2.0,0.0,0.0,None,1.0
VL357J,1/07/2012,28,795485.0,80.0,80.0,29.0,29.0,31.0,31.0,1.0,1.0,0.0,0.0,None,0.0
VL357J,2/08/2012,32,800974.3,50.0,49.0,28.0,26.0,28.0,28.5,1.0,1.0,0.0,0.5,None,1.0
VL357J,11/09/2012,40,807835.8,85.0,85.0,28.0,29.0,28.0,30.0,2.0,3.0,0.0,0.0,None,0.0
VL357J,13/12/2012,93,823789.0,86.0,85.0,29.0,29.0,29.0,30.5,2.0,2.0,0.0,0.0,Normal Maintain,-1.0
VL357J,4/01/2013,22,826094.0,86.0,85.0,29.0,29.5,28.5,30.0,2.2,2.5,0.0,0.0,None,0.0
VL357J,7/03/2013,62,826103.0,82.5,83.0,31.0,30.0,28.0,28.0,0.0,0.0,0.0,0.0,Normal Maintain,-2.0
VL357J,17/04/2013,41,833748.0,80.0,80.0,29.0,29.0,28.0,28.0,0.0,0.0,0.0,0.0,None,2.0
VL357J,20/05/2013,33,842377.0,83.0,83.0,28.0,28.0,28.0,28.0,0.0,0.0,0.0,0.0,None,1.0
VL357J,20/06/2013,31,852697.0,82.0,81.0,27.0,28.5,28.0,28.5,0.2,0.0,0.0,0.0,None,1.0
VL357J,1/08/2013,42,866679.0,80.0,80.0,26.0,27.0,29.0,30.0,0.5,0.5,0.0,0.0,None,1.0
VL357J,9/09/2013,39,876453.0,82.0,82.0,27.0,28.0,28.0,28.0,0.5,0.0,0.5,0.0,Normal Maintain,-1.0
VL357J,8/10/2013,29,879373.0,72.0,72.0,29.0,29.0,28.0,28.0,0.0,0.0,0.0,0.0,Normal Maintain,-2.0
VL357J,21/10/2013,13,883706.0,72.0,72.0,28.5,29.0,26.5,27.0,0.0,0.0,0.0,0.0,None,0.5
VL357J,28/11/2013,38,895707.0,72.0,72.0,29.0,29.0,29.0,28.0,0.0,0.0,0.0,0.0,Normal Maintain,-0.5
VL357J,7/01/2014,40,906600.0,73.0,73.0,28.0,28.0,28.0,29.0,0.0,0.0,0.0,0.0,None,1.0
VL357J,12/02/2014,36,914649.0,72.0,72.0,27.0,27.0,28.0,28.0,0.0,0.0,0.0,0.0,None,1.0
VL357J,14/02/2014,2,915483.0,72.0,72.0,27.5,27.0,28.0,28.0,0.0,0.0,0.0,0.0,Normal Maintain,-0.5
VL357J,15/03/2014,29,925782.0,71.0,71.0,26.0,26.0,28.5,29.0,0.0,0.0,0.0,0.0,None,1.5
VL357J,18/03/2014,3,926508.1,59.0,58.5,29.0,29.0,28.0,28.0,0.0,0.0,0.0,0.0,Normal Maintain,-3.0
VL357J,11/04/2014,24,932317.0,63.0,63.0,27.0,28.0,28.0,28.0,0.0,0.0,0.0,0.0,None,2.0
VL357J,18/05/2014,37,940734.0,63.0,63.0,26.0,27.0,28.0,28.0,0.0,0.0,0.0,0.0,None,1.0
VL357J,18/06/2014,31,950962.0,61.0,62.0,26.0,27.0,28.0,28.0,0.0,0.0,0.5,0.5,None,0.0
VL357J,16/07/2014,28,957017.0,63.0,63.0,25.0,26.0,29.0,29.0,0.0,0.0,0.0,0.5,None,1.0
VL357J,18/08/2014,33,966523.0,84.0,84.0,29.5,29.5,28.0,28.0,0.0,0.0,0.0,0.0,Change Wheel,-4.5
VL357J,6/10/2014,49,971190.0,86.0,86.0,29.0,29.5,28.5,29.0,0.0,0.0,0.0,0.0,None,0.5
VL357J,7/11/2014,32,978611.0,88.0,88.0,30.0,30.0,27.0,27.0,0.0,0.0,0.0,0.0,Normal Maintain,-1.0
VL357J,29/12/2014,52,989694.0,88.0,88.0,30.0,30.0,29.0,29.0,0.0,0.0,0.0,0.0,None,0.0
VL357J,21/01/2015,23,995678.0,90.0,90.0,30.0,29.0,28.0,28.0,0.0,0.0,0.0,0.0,None,0.0
VL357J,25/02/2015,35,1008735.0,85.0,85.0,29.0,28.0,28.0,28.0,0.0,0.0,0.0,0.0,None,1.0
VL357J,30/03/2015,33,1021641.0,87.0,87.0,28.0,29.0,28.5,28.0,1.0,1.0,0.0,0.0,None,1.0
VL357J,1/05/2015,32,1035308.0,80.0,80.0,28.0,27.0,30.0,30.0,0.5,0.5,0.0,0.0,None,0.0
VL357J,16/05/2015,15,1040790.9,74.5,74.5,30.0,30.0,28.0,28.0,0.0,0.0,0.0,0.0,Normal Maintain,-2.0
VL357J,10/06/2015,25,1049929.0,78.0,78.0,30.0,30.0,28.0,28.0,0.0,0.0,0.0,0.0,None,0.0
VL357J,15/07/2015,35,1063306.0,73.0,74.0,27.0,29.0,29.0,29.0,0.0,0.0,0.0,0.0,None,3.0
VL357J,17/09/2015,64,1067130.0,75.0,74.0,28.0,28.5,28.5,29.0,0.0,0.0,0.0,0.0,Normal Maintain,-1.0
VL357J,6/10/2015,19,1067130.0,74.0,74.0,28.0,30.0,27.5,28.0,0.0,0.0,0.0,0.0,None,0.0
VL357J,2/12/2015,57,1071258.0,75.0,75.0,29.0,30.0,30.0,29.0,0.0,0.0,0.0,0.0,Normal Maintain,-1.0
VL357J,7/01/2016,36,1083600.0,75.0,75.0,28.0,29.0,28.0,28.0,0.1,0.1,0.0,0.0,None,1.0
VL357J,18/02/2016,42,1085149.0,75.0,75.0,28.0,27.0,29.0,29.0,1.0,1.0,0.0,0.1,None,0.0
VL357J,31/03/2016,42,1091494.0,75.0,77.0,27.0,28.0,30.0,28.0,0.1,0.2,0.1,0.0,None,1.0
VL357J,31/05/2016,61,1096207.0,74.0,74.0,28.0,29.0,30.0,29.0,0.5,0.5,0.0,0.0,Normal Maintain,-1.0
VL357J,22/07/2016,52,1105535.0,74.0,74.0,27.0,29.0,29.0,28.5,0.0,0.0,0.0,0.0,None,1.0
VL357J,23/08/2016,32,1113901.7,61.0,61.0,30.0,30.0,28.0,28.0,0.0,0.0,0.0,0.0,Normal Maintain,-3.0
VL357J,6/10/2016,44,1125406.0,60.0,61.0,31.0,30.0,28.5,28.0,0.0,0.0,0.0,0.0,Normal Maintain,-1.0
VL357J,11/11/2016,36,1132981.0,65.0,65.0,28.5,28.0,28.5,28.0,0.0,0.0,0.0,0.0,None,2.5
VL357J,5/01/2017,55,1138023.3,60.0,61.0,29.0,29.0,30.0,29.0,0.0,0.0,0.0,0.0,Normal Maintain,-0.5
VL357J,29/05/2017,144,1151225.0,84.0,84.0,30.0,30.0,28.0,28.0,0.0,0.0,0.0,0.0,Normal Maintain,-1.0
VL357J,6/07/2017,38,1161361.0,81.0,81.0,28.0,29.0,28.0,28.0,0.5,0.5,0.0,0.0,None,2.0
VL357J,16/08/2017,41,1167750.0,88.0,88.0,27.5,28.0,28.0,28.0,0.5,0.5,0.0,0.0,None,0.5
VL357J,12/10/2017,57,1182757.0,88.0,89.0,27.0,28.0,29.0,29.0,1.0,1.0,0.1,0.0,None,0.5
VL357J,15/08/2018,307,1204315.6,71.0,71.0,30.0,30.0,27.0,28.0,0.0,0.0,0.0,0.0,Normal Maintain,-3.0
VL357J,19/11/2018,96,1209179.0,73.0,72.0,30.0,30.0,28.0,29.0,0.0,0.0,0.0,0.0,None,0.0
VL357J,15/02/2019,88,1236549.0,77.0,77.0,29.0,28.0,29.0,29.0,0.0,0.0,0.0,0.0,None,1.0
VL357J,10/04/2019,54,1258150.0,78.0,76.0,30.0,27.0,27.0,29.0,0.0,0.0,0.0,0.0,Normal Maintain,-1.0
VL357J,29/05/2019,49,1285069.0,76.0,75.0,30.0,28.0,28.0,30.0,0.2,0.0,0.0,0.5,None,0.0
VL357J,23/08/2019,86,1299178.7,75.0,74.0,28.0,27.0,29.0,31.0,0.0,0.0,0.0,0.5,None,2.0
VL357J,11/10/2019,49,1307218.0,76.0,74.0,30.0,26.0,28.0,30.0,0.5,0.1,0.0,0.5,None,0.0
VL358S,9/10/2009,0,234366.0,54.0,54.0,26.0,28.5,28.5,29.5,0.5,1.0,0.0,0.0,None,0.0
VL358S,10/11/2009,32,244542.0,53.0,54.0,26.5,28.5,29.0,29.0,1.5,1.0,0.0,0.0,Normal Maintain,-0.5
VL358S,19/12/2009,39,272806.0,53.0,53.0,27.5,28.0,29.0,29.0,0.0,0.5,0.0,0.0,Normal Maintain,-1.0
VL358S,13/01/2010,25,284350.0,50.0,50.0,26.5,28.5,31.0,29.0,1.5,1.5,0.0,0.0,None,1.0
VL358S,2/02/2010,20,290263.0,53.0,54.0,26.0,28.0,29.0,29.5,1.5,1.5,0.0,0.0,None,0.5
VL358S,5/02/2010,3,291112.0,55.0,55.0,26.0,26.5,29.0,29.0,1.5,1.5,0.0,0.0,None,0.0
VL358S,2/03/2010,25,302462.0,50.0,50.0,26.0,28.5,29.0,30.0,1.0,1.5,0.0,0.0,None,0.0
VL358S,27/03/2010,25,312955.0,52.0,52.0,26.0,28.5,30.5,30.0,1.0,1.5,0.0,0.0,None,0.0
VL358S,11/05/2010,45,333619.0,52.0,52.0,25.0,28.0,30.0,30.0,1.5,1.5,0.5,0.0,None,1.0
VL358S,13/07/2010,63,362300.0,90.0,90.0,28.0,29.0,28.0,27.0,0.5,0.5,0.0,0.0,Normal Maintain,-3.0
VL358S,2/08/2010,20,380262.0,85.0,85.0,28.0,29.0,28.0,28.0,0.5,0.5,0.0,0.0,None,0.0
VL358S,15/09/2010,44,401261.0,85.0,85.0,29.0,29.0,29.0,29.0,1.5,1.0,0.0,0.0,Normal Maintain,-1.0
VL358S,10/10/2010,25,416226.0,87.0,87.0,28.0,28.5,29.5,30.0,1.0,0.5,0.0,0.0,None,1.0
VL358S,17/11/2010,38,429378.0,85.0,85.0,28.0,27.5,30.0,30.0,1.5,1.5,0.0,0.0,None,0.0
VL358S,15/02/2011,90,477434.0,85.0,85.0,31.0,29.0,32.0,30.0,1.5,1.5,0.0,0.0,Normal Maintain,-3.0
VL358S,24/03/2011,37,497960.0,86.0,86.0,30.0,29.0,33.0,31.0,1.5,0.5,0.0,0.0,None,1.0
VL358S,15/04/2011,22,511979.2,85.0,85.0,29.0,28.5,33.0,31.0,1.5,1.0,0.0,0.0,None,1.0
VL358S,18/05/2011,33,533008.0,78.0,78.0,27.0,26.5,29.0,29.0,0.0,0.0,0.0,0.0,None,2.0
VL358S,13/07/2011,56,564786.0,83.0,84.0,27.0,28.0,30.0,29.0,0.0,0.0,0.0,0.0,None,0.0
VL358S,16/08/2011,34,591088.0,79.0,79.0,27.5,27.5,29.0,29.0,1.0,1.0,0.0,0.0,Normal Maintain,-0.5
VL358S,16/09/2011,31,610782.0,77.0,77.0,28.0,27.0,30.0,31.0,1.0,1.0,0.0,0.0,Normal Maintain,-0.5
VL358S,18/10/2011,32,631553.0,76.0,76.0,27.0,27.0,28.5,28.0,0.5,0.5,0.0,0.0,None,1.0
VL358S,2/11/2011,15,641311.0,76.0,77.0,26.5,26.0,30.0,29.5,0.0,0.0,0.0,0.0,None,0.5
VL358S,16/11/2011,14,649465.0,80.0,80.0,26.5,26.0,28.5,28.0,0.5,0.5,0.0,0.0,None,0.0
VL358S,28/11/2011,12,659219.0,76.0,76.0,26.5,26.5,30.0,29.5,0.5,0.5,0.0,0.0,None,0.0
VL358S,30/11/2011,2,659219.0,71.0,72.0,24.0,22.5,30.5,22.5,0.5,1.0,0.0,0.0,None,2.5
VL358S,5/01/2012,36,665620.0,68.0,68.0,24.0,22.0,31.0,30.0,0.0,0.0,0.0,0.0,None,0.0
VL358S,21/03/2012,76,682503.9,70.0,70.0,23.5,21.5,30.0,30.0,0.5,0.5,0.5,0.3,None,0.5
VL358S,27/03/2012,6,683835.5,53.0,53.0,28.0,28.0,28.0,28.0,0.0,0.0,0.0,0.0,Change Wheel,-4.5
VL358S,20/04/2012,24,689162.0,58.0,58.0,26.0,27.0,29.0,29.0,0.0,0.0,0.0,0.0,None,2.0
VL358S,31/05/2012,41,696877.0,58.0,58.0,26.0,26.0,29.0,29.0,0.0,0.0,0.0,0.0,None,0.0
VL358S,10/07/2012,40,707074.0,57.0,57.0,26.0,26.5,29.0,29.0,0.5,0.5,0.0,0.0,None,0.0
VL358S,23/08/2012,44,716124.0,54.0,55.0,25.0,26.0,29.0,29.0,0.0,0.0,0.0,0.0,None,1.0
VL358S,22/10/2012,60,722671.0,58.0,58.0,25.0,25.0,28.0,30.0,0.0,0.0,0.0,0.0,None,0.0
VL358S,21/12/2012,60,740004.0,53.0,55.0,24.0,24.0,32.0,29.0,0.0,0.0,0.0,0.0,None,1.0
VL358S,18/01/2013,28,745966.0,52.0,55.0,25.0,25.0,28.0,29.5,0.5,1.0,0.0,0.0,Normal Maintain,-1.0
VL358S,7/06/2013,140,776201.0,85.0,85.0,26.0,26.0,28.5,28.5,0.5,0.5,0.5,0.5,Normal Maintain,-1.0
VL358S,12/07/2013,35,786288.6,85.0,85.0,27.0,26.0,29.0,29.0,0.0,0.0,0.0,0.0,Normal Maintain,-1.0
VL358S,15/08/2013,34,796088.0,88.0,88.0,26.0,26.5,28.0,28.5,0.0,0.0,0.0,0.0,None,1.0
VL358S,4/09/2013,20,805123.5,74.5,74.5,30.0,30.0,28.0,28.0,0.0,0.0,0.0,0.0,Change Wheel,-4.0
VL358S,24/09/2013,20,814159.0,76.0,77.0,29.0,29.0,28.0,28.0,0.0,0.0,0.0,0.0,None,1.0
VL358S,28/10/2013,34,823713.0,77.0,77.0,28.0,28.0,29.0,28.0,0.0,0.0,0.0,0.0,None,1.0
VL358S,2/12/2013,35,837626.0,78.0,78.0,27.0,27.5,28.0,28.0,0.0,0.0,0.0,0.0,None,1.0
VL358S,7/01/2014,36,848059.0,78.0,78.0,26.0,27.0,28.0,28.0,0.0,0.0,0.0,0.0,None,1.0
VL358S,18/03/2014,70,866537.0,77.0,78.0,26.0,26.5,28.5,29.0,0.2,0.2,0.2,0.2,None,0.0
VL358S,17/04/2014,30,876715.0,69.0,69.0,26.5,27.5,29.0,28.0,0.0,0.0,0.0,0.0,Normal Maintain,-0.5
VL358S,15/02/2016,669,881743.0,66.0,67.0,27.0,28.0,30.0,29.0,0.0,0.0,0.0,0.0,Normal Maintain,-0.5
VL358S,17/03/2016,31,886150.0,69.5,69.0,27.0,27.0,27.0,27.0,0.0,0.0,0.0,0.0,None,0.0
VL358S,18/07/2016,123,911210.0,65.0,66.0,26.0,27.0,29.0,29.0,0.0,0.0,0.0,0.0,None,1.0
VL358S,31/08/2016,44,918314.2,53.0,53.0,28.0,28.0,28.0,28.0,0.0,0.0,0.0,0.0,Normal Maintain,-2.0
VL358S,24/10/2016,54,927033.0,57.0,57.0,28.0,27.0,29.0,28.5,0.0,0.0,0.0,0.0,None,0.0
VL358S,13/12/2016,50,931137.0,53.0,53.0,28.5,28.0,28.0,28.0,0.0,0.0,0.0,0.0,Normal Maintain,-0.5
VL358S,25/01/2017,43,945786.0,50.0,50.0,26.0,27.0,28.0,28.0,0.0,0.0,0.0,0.0,None,2.5
VL358S,8/03/2017,42,960360.0,54.0,54.0,26.0,25.0,29.0,29.0,0.0,0.0,0.0,0.0,None,0.0
VL358S,22/03/2017,14,962618.8,53.0,52.0,25.0,25.0,28.0,29.0,0.0,0.0,0.0,0.0,None,1.0
VL358S,17/05/2017,56,971654.0,90.0,90.0,30.0,30.0,28.0,28.0,0.0,0.0,0.0,0.0,Change Wheel,-5.0
VL358S,5/07/2017,49,986134.0,85.0,85.0,28.0,28.0,29.0,29.0,0.0,0.0,0.0,0.0,None,2.0
VL358S,9/08/2017,35,995023.0,87.0,87.0,29.0,29.0,29.0,29.0,0.0,0.0,0.0,0.0,Normal Maintain,-1.0
VL358S,27/09/2017,49,1001038.0,84.0,84.0,28.0,28.0,28.0,28.0,0.0,0.0,0.0,0.0,None,1.0
VL358S,21/06/2018,267,1037141.0,85.0,85.0,28.0,28.0,30.0,30.0,0.0,0.0,0.0,0.0,None,0.0
VL359E,7/09/2009,0,181170.0,75.0,75.0,27.5,28.0,29.5,29.0,0.5,0.5,0.0,0.0,None,0.0
VL359E,3/10/2009,26,195687.0,72.0,72.0,27.0,27.5,28.5,28.0,1.5,1.5,0.0,0.0,None,0.5
VL359E,31/10/2009,28,212371.0,75.0,75.0,27.5,27.0,29.5,28.5,0.5,0.5,0.0,0.0,Normal Maintain,-0.5
VL359E,20/11/2009,20,220786.0,74.0,74.0,28.0,28.0,30.0,30.0,1.0,1.0,0.0,0.0,Normal Maintain,-0.5
VL359E,22/12/2009,32,234250.0,68.0,68.0,28.5,28.5,29.0,30.0,0.5,0.5,0.0,0.0,Normal Maintain,-0.5
VL359E,21/01/2010,30,245864.0,70.0,70.0,27.0,28.0,28.0,29.0,0.0,0.5,0.0,0.0,None,1.5
VL359E,14/05/2010,113,270021.0,70.0,70.0,28.0,29.0,30.0,31.0,2.0,2.0,0.0,0.0,Normal Maintain,-1.0
VL359E,17/06/2010,34,291707.0,66.0,66.0,28.5,28.5,29.5,31.0,1.0,1.0,0.0,0.0,Normal Maintain,-0.5
VL359E,19/07/2010,32,321317.0,66.0,65.0,28.0,30.0,31.0,31.0,0.5,0.5,0.0,0.0,None,0.5
VL359E,2/08/2010,14,328514.0,68.0,68.0,23.5,23.5,32.0,32.0,1.5,1.5,0.0,0.0,None,4.5
VL359E,6/09/2010,35,339181.0,68.0,68.0,23.0,24.0,31.5,34.0,3.0,1.5,0.0,0.0,None,0.5
VL359E,15/09/2010,9,345241.0,53.5,53.5,29.0,28.5,28.0,28.0,0.0,0.0,0.0,0.0,Change Wheel,-6.0
VL359E,5/11/2010,51,377272.0,53.0,54.0,27.0,28.0,29.0,29.0,0.0,0.0,0.0,0.0,None,2.0
VL359E,5/01/2011,61,394670.0,57.0,57.0,27.0,28.0,30.5,29.0,1.0,1.0,0.0,0.0,None,0.0
VL359E,11/01/2011,6,394670.0,57.0,57.0,27.0,28.0,30.5,29.0,1.5,1.0,0.0,0.0,None,0.0
VL359E,25/03/2011,73,449726.0,45.5,45.5,26.5,27.0,30.0,29.0,1.0,0.5,0.0,0.0,None,0.5
VL359E,3/06/2011,70,483154.0,47.0,47.0,27.5,27.5,29.0,31.0,1.5,1.0,0.0,0.0,Normal Maintain,-1.0
VL359E,21/06/2011,18,497378.0,48.0,47.0,27.0,26.0,30.5,32.0,2.0,2.0,0.0,0.5,None,0.5
VL359E,8/08/2011,48,511385.0,46.0,46.0,26.0,25.0,30.5,29.0,0.0,0.0,0.0,0.0,None,1.0
VL359E,29/08/2011,21,530140.0,40.0,40.0,26.0,24.0,30.0,30.0,0.5,0.5,0.0,0.0,None,0.0
VL359E,21/09/2011,23,541046.0,46.0,46.0,23.0,25.0,29.5,29.5,0.0,0.5,0.0,0.0,None,3.0
VL359E,21/10/2011,30,547952.5,85.0,85.0,30.0,30.5,28.0,28.0,0.0,0.0,0.0,0.0,Change Wheel,-7.0
VL359E,25/11/2011,35,556010.0,84.0,84.0,29.5,29.5,28.5,28.5,0.0,0.0,0.0,0.0,None,0.5
VL359E,19/01/2012,55,564288.0,84.0,84.0,29.5,30.0,29.0,29.0,0.5,0.5,0.0,0.0,None,0.0
VL359E,17/02/2012,29,573061.0,88.0,88.0,30.0,30.0,29.0,29.0,0.0,0.0,0.0,0.0,Normal Maintain,-0.5
VL359E,2/04/2012,45,584423.0,85.0,85.0,29.0,30.0,29.5,29.0,0.5,0.5,0.0,0.0,None,1.0
VL359E,4/05/2012,32,584664.0,85.0,85.0,29.0,29.0,30.0,29.0,1.0,1.0,0.0,0.0,None,0.0
VL359E,28/06/2012,55,591457.4,79.0,79.0,31.5,31.5,28.0,28.0,0.0,0.0,0.0,0.0,Normal Maintain,-2.5
VL359E,3/07/2012,5,592075.0,83.0,83.0,30.5,31.5,28.5,28.0,0.0,0.0,0.0,0.0,None,1.0
VL359E,17/08/2012,45,598061.0,80.0,80.0,28.0,28.0,31.0,31.0,0.0,0.0,0.0,0.0,None,2.5
VL359E,4/10/2012,48,604793.0,83.0,82.0,29.0,29.0,29.0,29.0,0.0,0.0,0.0,0.5,Normal Maintain,-1.0
VL359E,2/11/2012,29,607403.0,82.0,82.0,29.5,29.5,28.5,28.5,0.0,0.0,0.0,0.0,Normal Maintain,-0.5
VL359E,21/01/2013,80,634368.0,79.0,79.0,30.0,28.0,28.0,28.0,2.5,1.5,0.0,0.0,Normal Maintain,-0.5
VL359E,20/02/2013,30,642769.8,80.0,80.0,28.0,27.5,30.0,29.0,0.5,1.0,0.0,0.5,None,2.0
VL359E,11/03/2013,19,648091.0,81.0,82.0,29.0,28.0,29.0,28.0,0.5,0.0,0.0,0.5,Normal Maintain,-1.0
VL359E,21/03/2013,10,651000.0,78.5,77.5,28.0,27.0,28.0,28.0,0.5,0.0,0.0,0.0,None,1.0
VL359E,30/04/2013,40,661357.0,82.0,80.0,29.0,26.0,29.0,29.0,0.5,0.5,0.0,0.5,Normal Maintain,-1.0
VL359E,28/05/2013,28,670845.0,80.0,80.0,29.0,25.5,30.0,30.0,1.0,0.5,0.0,1.0,None,0.0
VL359E,29/05/2013,1,670845.0,80.0,80.0,29.0,25.5,30.0,30.0,1.0,0.5,0.0,0.0,None,0.0
VL359E,19/06/2013,21,677518.9,64.5,64.5,30.0,30.0,28.0,28.0,0.0,0.0,0.0,0.0,Normal Maintain,-1.0
VL359E,8/08/2013,50,693409.0,69.0,68.0,27.0,27.0,28.0,28.0,0.0,0.0,0.0,0.0,None,3.0
VL359E,7/09/2013,30,703297.8,55.0,55.0,28.0,28.0,28.0,28.0,0.0,0.0,0.0,0.0,Normal Maintain,-1.0
VL359E,10/09/2013,3,704286.6,55.0,54.0,29.0,30.0,28.0,28.0,0.0,0.0,0.0,0.0,Normal Maintain,-1.0
VL359E,11/10/2013,31,714505.0,60.0,60.0,29.0,27.0,28.0,28.0,0.0,0.0,0.0,0.0,None,0.0
VL359E,20/11/2013,40,727288.0,59.0,59.0,27.0,27.0,28.0,28.0,0.0,0.0,0.0,0.0,None,2.0
VL359E,11/02/2014,83,734828.0,57.0,57.0,27.0,28.0,30.0,29.5,0.5,0.5,0.0,0.0,None,0.0
VL359E,6/08/2014,176,736322.0,60.0,60.0,28.0,27.5,29.0,29.0,0.5,1.0,0.0,0.0,Normal Maintain,-1.0
VL359E,16/09/2014,41,736323.0,56.0,26.0,28.0,27.5,29.5,29.0,0.0,0.0,0.0,0.0,None,0.0
VL359E,27/11/2014,72,736331.0,49.5,49.5,28.5,28.5,28.0,28.0,0.0,0.0,0.0,0.0,Normal Maintain,-0.5
VL359E,28/11/2014,1,736339.0,53.5,54.0,29.0,28.0,29.0,29.0,0.0,0.0,0.0,0.0,Normal Maintain,-0.5
VL359E,9/01/2015,42,745536.0,53.0,53.0,28.0,28.0,29.0,28.0,0.0,0.0,0.0,0.0,None,1.0
VL359E,25/02/2015,47,752903.0,51.0,51.0,26.0,27.0,29.0,29.0,0.0,0.0,0.0,0.0,None,2.0
VL359E,15/04/2015,49,762898.0,80.0,80.0,30.0,30.0,29.0,29.0,0.0,0.0,0.0,0.0,Change Wheel,-4.0
VL359E,24/07/2015,100,769124.0,84.0,84.0,29.0,29.0,28.0,28.0,0.0,0.0,0.0,0.0,None,1.0
VL359E,17/09/2015,55,772020.0,85.0,85.0,28.0,28.5,29.0,29.0,0.0,0.0,0.0,0.0,None,1.0
VL359E,19/11/2015,63,773262.0,90.0,90.0,29.0,30.0,28.5,28.0,0.0,0.0,0.0,0.0,Normal Maintain,-1.0
VL359E,2/12/2015,13,777705.0,84.0,85.0,28.0,28.0,29.0,28.0,0.0,0.0,0.0,0.0,None,1.0
VL359E,11/01/2016,40,788705.0,89.0,89.0,28.0,27.0,28.0,28.0,0.0,0.0,0.0,0.0,None,0.0
VL359E,16/03/2016,65,792258.0,87.0,87.0,28.5,28.0,29.0,28.0,0.0,0.0,0.0,0.0,Normal Maintain,-0.5
VL359E,16/05/2016,61,796370.0,87.0,88.0,28.0,27.0,28.0,29.0,0.0,0.0,0.0,0.0,None,0.5
VL359E,20/07/2016,65,798432.0,85.0,85.0,28.0,28.0,30.0,30.0,0.0,0.0,0.0,0.0,None,0.0
VL359E,22/09/2016,64,808971.0,88.0,88.0,29.0,28.0,29.0,29.0,0.0,0.0,0.0,0.0,Normal Maintain,-1.0
VL359E,19/10/2016,27,810804.0,89.0,89.0,27.0,28.0,29.0,28.0,0.5,0.5,0.0,0.0,None,2.0
VL359E,11/01/2017,84,822251.0,88.0,88.0,28.0,28.0,29.0,29.0,0.0,0.0,0.0,0.0,Normal Maintain,-1.0
VL359E,23/02/2017,43,842448.0,88.0,88.0,28.0,27.5,29.5,29.0,0.0,0.0,0.0,0.0,None,0.0
VL359E,29/03/2017,34,855436.0,73.0,73.0,30.0,30.0,28.0,28.0,0.0,0.0,0.0,0.0,Normal Maintain,-2.0
VL359E,6/04/2017,8,858749.0,75.0,75.0,29.0,29.0,29.0,29.0,0.0,0.0,0.0,0.0,None,1.0
VL359E,22/05/2017,46,874610.6,76.0,75.0,30.0,28.0,29.0,29.0,0.0,0.0,0.0,0.0,Normal Maintain,-1.0
VL359E,8/07/2017,47,890817.0,73.0,72.0,29.0,28.0,30.0,30.0,0.0,0.0,0.0,0.0,None,1.0
VL359E,2/08/2017,25,896628.0,72.0,72.0,29.0,28.0,28.0,30.0,0.0,0.0,0.0,0.0,None,0.0
VL359E,9/09/2017,38,902712.0,77.0,77.0,29.0,28.0,28.0,28.0,0.0,0.0,0.0,0.0,None,0.0
VL359E,11/10/2017,32,906808.0,75.0,75.0,28.5,27.0,29.0,29.5,0.0,0.0,0.0,0.0,None,0.5
VL359E,23/01/2018,104,941470.0,73.0,73.0,29.0,28.0,29.0,30.5,0.0,0.0,0.0,0.0,Normal Maintain,-0.5
VL359E,19/04/2018,86,951165.1,69.0,68.0,29.0,27.0,29.0,31.0,0.1,0.0,0.0,0.0,None,0.0
VL359E,30/07/2018,102,962664.0,73.0,73.0,29.0,28.0,29.0,32.0,2.0,2.0,0.0,0.3,None,0.0
VL359E,31/07/2018,1,962664.0,73.0,73.0,29.0,28.0,29.0,32.0,2.0,2.0,0.0,0.0,None,0.0
VL359E,4/01/2019,157,976521.0,69.0,68.0,29.0,28.0,31.0,32.0,1.0,1.0,0.0,0.0,None,0.0
VL360A,13/09/2009,0,203194.0,85.0,85.0,30.0,29.5,31.0,29.5,1.5,1.5,0.0,0.0,None,0.0
VL360A,23/10/2009,40,227428.0,82.0,82.0,29.0,30.5,32.0,30.0,1.5,1.0,0.0,0.0,None,1.0
VL360A,8/12/2009,46,258755.0,84.0,84.0,28.0,31.0,33.0,31.5,3.0,3.0,0.0,0.0,None,1.0
VL360A,21/12/2009,13,267839.0,75.0,75.0,28.5,28.5,28.5,28.5,0.0,0.0,0.0,0.0,Normal Maintain,-0.5
VL360A,8/02/2010,49,276955.0,78.0,81.0,28.0,29.0,29.0,30.0,0.0,0.0,0.0,0.0,None,0.5
VL360A,14/03/2010,34,279988.0,78.0,81.0,28.5,28.5,28.5,28.5,0.5,0.5,0.0,0.0,Normal Maintain,-0.5
VL360A,25/04/2010,42,298777.0,78.0,78.0,28.0,29.0,29.0,28.0,0.5,0.5,0.0,0.0,None,0.5
VL360A,18/05/2010,23,309907.0,76.0,76.0,28.0,28.5,28.5,29.5,1.0,1.0,0.0,0.0,None,0.0
VL360A,17/08/2010,91,25416.9,67.0,63.0,27.0,28.0,28.5,28.0,0.0,0.0,0.0,0.0,None,1.0
VL360A,22/09/2010,36,28241.0,63.0,63.0,26.5,28.5,29.0,29.0,1.0,0.5,0.0,0.0,None,0.5
VL360A,16/12/2010,85,82209.0,56.0,55.0,28.0,28.0,30.5,30.5,1.0,1.0,0.0,0.0,Normal Maintain,-1.5
VL360A,30/01/2011,45,100977.0,55.0,55.0,29.0,29.0,30.0,30.0,0.5,0.5,0.0,0.0,Normal Maintain,-1.0
VL360A,4/03/2011,33,112658.4,55.0,55.0,28.0,26.0,31.0,32.0,0.5,1.0,0.0,0.0,None,1.0
VL360A,23/03/2011,19,119384.0,50.0,50.0,28.5,30.0,31.0,33.0,1.0,1.5,0.0,0.0,Normal Maintain,-0.5
VL360A,2/05/2011,40,130961.0,54.0,54.0,30.0,30.0,32.0,33.0,2.0,2.0,0.0,0.0,Normal Maintain,-1.5
VL360A,26/06/2011,55,165316.0,52.0,52.0,31.5,29.0,32.0,33.5,1.5,1.0,0.0,0.0,Normal Maintain,-1.5
VL360A,25/07/2011,29,182825.7,48.0,48.0,31.0,29.0,32.5,34.5,2.5,2.5,0.0,0.0,None,0.5
VL360A,16/08/2011,22,196109.0,50.0,50.0,26.0,29.0,33.0,35.0,2.5,2.0,0.0,0.0,None,5.0
VL360A,9/09/2011,24,93362.9,50.0,50.0,29.0,28.5,29.5,29.0,0.0,0.0,0.0,0.0,Normal Maintain,-3.0
VL360A,9/10/2011,30,224071.0,47.0,47.0,28.5,29.0,28.0,28.5,1.0,1.0,0.0,0.0,None,0.5
VL360A,13/12/2011,65,251056.0,47.0,47.0,31.5,30.0,32.5,30.5,0.5,1.0,0.0,0.0,Normal Maintain,-3.0
VL360A,24/01/2012,42,3044704.0,56.0,56.0,28.0,30.0,29.0,30.0,0.0,0.0,0.0,0.0,None,3.5
VL360A,1/03/2012,37,264439.0,45.0,45.0,29.0,31.0,29.0,30.0,1.0,1.0,0.0,0.0,Normal Maintain,-1.0
VL360A,3/04/2012,33,286596.0,45.0,45.0,29.0,31.5,30.0,30.5,1.0,0.5,0.0,0.0,None,0.0
VL360A,11/05/2012,38,291682.0,84.0,84.0,31.0,30.5,29.0,29.5,0.0,0.0,0.0,0.0,Normal Maintain,-2.0
VL360A,23/07/2012,73,314527.0,87.0,88.0,28.0,29.0,28.0,28.0,0.0,0.0,0.0,0.0,None,3.0
VL360A,12/10/2012,81,317425.0,88.0,89.0,29.0,28.0,29.0,28.0,0.5,1.0,0.0,0.0,Normal Maintain,-1.0
VL360A,15/11/2012,34,320530.0,89.0,89.0,27.0,28.0,29.0,29.0,0.0,0.0,0.5,0.0,None,2.0
VL360A,10/12/2012,25,328507.0,85.0,85.0,26.0,26.5,29.5,29.0,0.0,0.0,0.5,0.0,None,1.0
VL360A,2/02/2013,54,338135.0,88.0,87.0,26.5,28.0,28.0,28.5,0.5,0.0,0.0,0.0,Normal Maintain,-0.5
VL360A,2/03/2013,28,340618.0,85.0,85.0,25.0,26.0,28.0,29.0,0.0,0.0,0.5,0.0,None,1.5
VL360A,5/04/2013,34,343918.0,90.0,90.0,25.0,27.0,30.0,29.0,0.0,0.0,0.5,0.0,None,0.0
VL360A,7/05/2013,32,349621.0,88.0,88.0,27.0,27.0,28.0,28.0,0.0,1.0,0.2,0.0,Normal Maintain,-2.0
VL360A,24/06/2013,48,363032.0,88.0,88.0,25.0,25.0,29.0,27.0,1.0,1.0,0.0,0.0,None,2.0
VL360A,3/07/2013,9,364044.2,85.0,85.0,26.0,27.0,28.0,29.0,2.0,1.0,0.0,0.0,Normal Maintain,-1.0
VL360A,30/07/2013,27,367081.0,80.0,80.0,26.0,26.5,29.0,29.5,1.0,0.5,0.5,0.5,None,0.0
VL360A,17/09/2013,49,375528.6,72.0,72.0,30.0,30.0,28.0,28.0,0.0,0.0,0.0,0.0,Change Wheel,-4.0
VL360A,3/10/2013,16,378287.0,74.0,76.0,29.0,29.5,28.0,28.0,0.0,0.0,0.0,0.0,None,1.0
VL360A,8/11/2013,36,391252.0,77.0,77.0,27.0,28.0,28.0,28.0,0.0,0.0,0.0,0.0,None,2.0
VL360A,18/12/2013,40,404140.0,73.0,73.0,26.0,28.0,28.0,28.0,0.0,0.0,0.0,0.0,None,1.0
VL360A,23/01/2014,36,412433.0,75.0,76.0,25.5,26.5,29.0,28.5,0.5,0.0,0.5,0.0,None,0.5
VL360A,7/04/2014,74,418548.0,64.0,63.0,30.0,31.0,28.0,28.0,0.0,0.0,0.0,0.0,Change Wheel,-4.5
VL360A,23/06/2014,77,427926.0,64.0,64.0,29.0,30.0,27.0,28.0,0.0,0.0,0.0,0.0,None,1.0
VL360A,5/01/2015,196,427936.0,64.0,64.0,29.0,30.0,28.0,28.0,0.0,0.0,0.0,0.0,None,0.0
VL360A,29/01/2015,24,428432.0,64.0,64.0,31.0,30.0,29.0,28.0,0.0,0.0,0.0,0.0,Normal Maintain,-2.0
VL360A,24/04/2015,85,438771.0,64.0,64.0,31.0,30.0,29.0,28.0,0.0,0.0,0.0,0.0,None,0.0
VL360A,29/05/2015,35,445950.0,64.0,64.0,29.0,30.0,28.0,28.0,0.0,0.0,0.0,0.0,None,2.0
VL360A,22/07/2015,54,451820.0,64.0,64.0,29.0,30.0,29.0,28.0,0.0,0.0,0.0,0.0,None,0.0
VL360A,6/10/2015,76,451822.0,63.0,64.0,28.0,29.0,29.0,28.0,0.0,0.0,0.0,0.0,None,1.0
VL360A,22/10/2015,16,452350.0,51.0,52.0,27.0,27.0,29.0,29.0,0.0,0.0,0.0,0.0,None,1.0
VL360A,15/03/2016,145,457135.0,65.0,65.0,29.0,30.0,29.0,28.0,0.0,0.0,0.0,0.0,Normal Maintain,-2.0
VL360A,22/09/2016,191,463341.0,64.0,64.0,28.0,29.0,29.0,28.0,0.0,0.0,0.0,0.0,None,1.0
VL360A,4/11/2016,43,469255.0,63.0,63.0,27.5,24.0,29.0,28.0,0.0,0.0,0.0,0.0,None,0.5
VL360A,19/12/2016,45,490423.0,62.0,62.0,29.0,30.0,29.0,28.0,0.0,0.0,0.0,0.0,Normal Maintain,-1.5
VL360A,21/03/2017,92,504117.4,90.0,90.0,30.0,30.0,28.0,28.0,0.0,0.0,0.0,0.0,Normal Maintain,-1.0
VL360A,3/05/2017,43,510518.0,89.0,89.0,28.0,29.0,29.0,29.0,0.0,0.0,0.0,0.0,None,2.0
VL360A,4/07/2017,62,521860.6,76.0,76.5,30.0,30.0,28.0,28.0,0.0,0.0,0.0,0.0,Normal Maintain,-2.0
VL360A,3/08/2017,30,527349.0,79.0,80.0,29.0,30.0,28.0,28.0,0.0,0.0,0.0,0.0,None,1.0
VL360A,12/09/2017,40,537034.0,78.0,78.0,28.0,29.0,29.0,28.5,0.0,0.0,0.0,0.0,None,1.0
VL360A,11/10/2017,29,538173.0,81.0,81.0,28.0,28.0,28.0,28.0,0.0,0.0,0.0,0.0,None,0.0
VL360A,24/11/2017,44,544777.7,80.0,81.0,28.0,28.0,29.0,29.0,0.0,0.0,0.0,0.0,None,0.0
VL360A,1/06/2018,189,574631.0,89.0,88.0,30.0,30.0,28.0,28.0,0.0,0.0,0.0,0.0,Normal Maintain,-2.0
VL360A,31/07/2018,60,585701.0,89.0,89.0,29.0,29.0,28.0,29.0,0.5,0.5,0.0,0.0,None,1.0
VL360A,13/09/2018,44,890924.0,88.0,89.0,29.0,29.0,29.0,28.0,0.0,0.0,0.0,0.0,None,0.0
VL360A,23/10/2018,40,548203.0,88.0,88.0,29.0,29.0,28.0,29.0,0.0,0.0,0.0,0.0,None,0.0
VL360A,27/11/2018,35,604455.0,88.0,89.0,28.0,28.0,29.0,29.0,0.5,0.0,0.0,0.0,None,1.0
VL360A,2/07/2019,217,648759.0,84.0,84.0,27.0,28.0,29.0,29.0,0.0,0.0,0.0,0.0,None,1.0
VL360A,29/07/2019,27,652558.0,83.0,83.0,30.0,30.0,28.0,28.0,0.0,0.0,0.0,0.0,Normal Maintain,-3.0
VL360A,3/09/2019,36,656557.0,83.0,83.0,30.0,30.0,29.0,28.0,0.0,0.0,0.0,0.0,None,0.0
VL360A,7/10/2019,34,661685.0,80.0,80.0,30.0,30.0,28.0,28.0,0.0,0.0,0.0,0.0,None,0.0
VL360A,8/11/2019,32,666887.3,75.0,75.0,30.0,30.0,30.0,30.0,0.0,0.0,0.0,0.0,None,0.0
VL360A,9/12/2019,31,671927.0,79.0,79.0,30.0,30.0,28.0,28.0,0.0,0.0,0.0,0.0,None,0.0
VL361J,8/08/2009,0,31849.0,83.0,83.0,28.5,29.0,28.0,27.0,0.5,0.5,0.0,0.0,None,0.0
VL361J,5/09/2009,28,50491.9,85.0,85.0,28.5,29.0,28.0,28.0,0.0,0.5,0.0,0.5,None,0.0
VL361J,12/12/2009,98,115742.0,85.0,85.0,28.0,30.0,28.0,28.0,0.5,1.0,0.0,0.0,None,0.5
VL361J,23/01/2010,42,130078.0,88.0,88.0,30.0,29.0,29.0,29.0,1.0,1.0,0.0,0.0,Normal Maintain,-2.0
VL361J,16/02/2010,24,144935.0,87.0,88.0,29.0,31.0,29.5,29.0,1.0,1.5,0.0,0.0,None,1.0
VL361J,3/03/2010,15,151518.0,85.0,85.0,28.5,30.0,29.0,29.0,1.0,1.0,0.0,0.0,None,0.5
VL361J,30/03/2010,27,163086.0,83.0,83.0,29.0,31.0,31.0,31.0,2.0,2.0,0.0,0.0,Normal Maintain,-0.5
VL361J,4/04/2010,5,166089.0,85.0,85.0,29.0,31.0,29.0,29.0,1.0,1.0,0.0,0.0,None,0.0
VL361J,1/06/2010,58,199422.0,85.0,86.0,28.0,31.5,30.5,30.0,1.5,1.5,0.0,0.0,None,1.0
VL361J,25/06/2010,24,210530.0,87.0,86.0,27.0,31.5,31.0,30.0,1.5,2.0,0.5,0.0,None,1.0
VL361J,3/08/2010,39,228652.0,75.0,75.0,29.0,29.0,29.0,29.0,0.0,0.0,0.0,0.0,Normal Maintain,-2.0
VL361J,7/09/2010,35,3719962.0,77.0,78.0,28.5,27.0,28.0,28.0,0.5,0.5,0.0,0.0,None,0.5
VL361J,9/10/2010,32,249062.0,74.0,74.0,27.5,27.0,28.0,28.0,0.5,0.5,0.0,0.0,None,1.0
VL361J,24/11/2010,46,276258.0,77.0,77.0,27.5,26.5,30.0,29.5,0.5,0.5,0.0,0.0,None,0.0
VL361J,23/01/2011,60,299930.0,80.0,77.0,27.0,25.5,30.0,30.5,0.5,1.0,0.0,0.0,None,0.5
VL361J,9/03/2011,45,319861.0,77.0,77.0,28.0,27.0,30.5,30.5,1.0,1.0,0.0,0.0,Normal Maintain,-1.0
VL361J,27/04/2011,49,345713.0,65.0,66.0,27.0,28.0,28.0,28.0,0.0,0.5,0.0,0.0,None,1.0
VL361J,24/05/2011,27,365359.1,60.0,60.0,25.0,27.0,31.0,29.0,1.0,0.5,0.0,0.0,None,2.0
VL361J,26/06/2011,33,389371.0,63.0,63.0,26.0,27.0,29.0,29.0,1.0,1.0,0.0,0.0,Normal Maintain,-1.0
VL361J,30/08/2011,65,434788.0,65.0,65.0,27.0,27.0,30.0,29.5,1.0,1.0,0.0,0.0,Normal Maintain,-1.0
VL361J,25/10/2011,56,454052.0,66.0,66.0,25.5,29.0,31.0,29.5,1.5,1.5,0.5,0.0,None,1.5
VL361J,7/12/2011,43,480879.0,62.0,62.0,25.0,28.0,33.0,31.0,2.0,2.0,1.0,0.0,None,0.5
VL361J,11/01/2012,35,497073.0,63.0,65.0,25.0,29.0,33.0,31.0,2.5,2.5,1.0,0.0,None,0.0
VL361J,28/02/2012,48,510118.3,58.0,59.5,26.0,28.0,33.0,32.0,1.0,0.5,0.5,0.0,Normal Maintain,-1.0
VL361J,14/03/2012,15,514195.0,63.0,63.0,25.0,29.0,35.0,31.5,3.5,3.5,1.5,0.0,None,1.0
VL361J,17/03/2012,3,515195.0,49.0,49.0,28.0,28.0,28.0,28.0,0.0,0.0,0.0,0.0,Normal Maintain,-3.0
VL361J,8/05/2012,52,532527.9,50.0,52.0,27.0,27.0,27.0,27.0,2.0,2.0,0.0,0.0,None,1.0
VL361J,1/07/2012,54,556325.0,50.0,50.0,32.0,27.0,29.0,30.0,1.0,1.0,0.0,0.0,Change Wheel,-5.0
VL361J,31/10/2012,122,609613.0,49.0,48.0,29.0,26.0,28.0,30.0,0.0,0.0,0.0,0.0,None,3.0
VL361J,13/12/2012,43,624850.0,49.0,49.0,28.0,25.0,30.0,32.0,2.0,2.0,0.0,1.0,None,1.0
VL361J,4/01/2013,22,626430.0,49.0,49.0,27.0,26.5,28.0,33.0,1.8,1.9,0.0,0.0,None,1.0
VL361J,15/01/2013,11,627220.0,51.0,49.0,29.0,25.0,30.0,32.0,3.0,3.0,0.0,0.0,Normal Maintain,-2.0
VL361J,31/01/2013,16,627220.0,84.0,84.0,30.5,30.5,28.0,28.0,0.0,0.0,0.0,0.0,Normal Maintain,-1.5
VL361J,22/04/2013,81,638150.0,86.0,87.0,28.5,28.0,28.5,28.5,0.0,0.0,0.0,0.0,None,2.0
VL361J,3/06/2013,42,654052.0,90.0,90.0,27.0,27.0,28.0,28.0,0.0,0.0,0.0,0.0,None,1.5
VL361J,17/07/2013,44,666356.0,89.0,90.0,27.0,26.0,28.0,28.0,0.0,0.0,0.0,0.0,None,0.0
VL361J,15/08/2013,29,674709.0,90.0,89.0,27.0,27.0,29.0,28.0,0.0,0.0,0.0,0.0,None,0.0
VL361J,19/09/2013,35,685953.0,90.0,90.0,27.0,26.5,28.0,28.0,0.0,0.0,0.5,0.5,None,0.0
VL361J,18/10/2013,29,693470.2,76.0,76.0,30.0,30.0,28.0,28.0,0.0,0.0,0.0,0.0,Normal Maintain,-3.0
VL361J,31/10/2013,13,696840.0,78.0,80.0,29.0,30.0,28.0,28.0,0.0,0.0,0.0,0.0,None,1.0
VL361J,6/12/2013,36,708781.0,75.0,76.0,28.0,28.0,28.0,28.0,0.0,0.0,0.0,0.0,None,1.0
VL361J,22/01/2014,47,714801.0,78.0,79.0,28.0,28.0,28.0,28.0,0.0,0.0,0.5,0.0,None,0.0
VL361J,25/02/2014,34,723432.0,78.0,80.0,27.0,27.5,28.0,28.0,0.0,0.0,0.0,0.0,None,1.0
VL361J,27/03/2014,30,733309.0,78.0,79.0,27.0,28.0,28.0,28.0,0.0,0.0,0.5,0.0,None,0.0
VL361J,28/04/2014,32,740462.0,79.0,80.0,27.0,27.5,29.0,29.0,0.0,0.0,0.2,0.0,None,0.0
VL361J,1/07/2014,64,745565.0,79.0,79.0,26.0,27.0,29.0,29.0,0.0,0.0,0.5,0.5,None,1.0
VL361J,26/09/2014,87,746906.0,80.0,80.0,26.0,27.0,29.0,29.0,0.5,0.5,0.0,0.0,None,0.0
VL361J,31/10/2014,35,752597.9,64.0,64.0,30.0,30.0,28.0,28.0,0.0,0.0,0.0,0.0,Change Wheel,-4.0
VL361J,15/12/2014,45,759916.0,65.0,66.0,30.0,30.0,29.0,29.0,0.0,0.0,0.0,0.0,None,0.0
VL361J,9/02/2015,56,767995.0,66.0,66.0,29.0,29.0,29.0,28.0,0.0,0.0,0.0,0.0,None,1.0
VL361J,12/03/2015,31,770357.0,67.0,67.5,29.0,29.0,29.0,28.0,0.0,0.0,0.0,0.0,None,0.0
VL361J,27/04/2015,46,787713.0,65.0,65.0,28.0,28.0,30.0,29.0,0.3,0.4,0.3,0.4,None,1.0
VL361J,24/05/2015,27,789526.5,66.5,67.0,26.0,27.0,29.5,27.0,0.5,0.5,0.2,0.4,None,2.0
VL361J,25/08/2015,93,795773.0,65.0,66.0,27.0,26.0,30.0,29.0,0.0,0.0,0.0,0.1,Normal Maintain,-1.0
VL361J,21/10/2015,57,799794.0,66.5,66.0,27.0,27.0,30.0,29.0,0.5,0.5,0.0,0.0,None,0.0
VL361J,25/11/2015,35,805675.8,54.0,54.0,29.7,29.6,28.0,28.0,0.0,0.0,0.0,0.0,Normal Maintain,-2.7
VL361J,28/11/2015,3,806180.0,54.0,54.0,29.0,30.0,29.0,27.0,0.0,0.0,0.0,0.0,None,0.7
VL361J,6/01/2016,39,812734.0,56.0,56.0,28.0,28.0,28.5,28.5,0.0,0.0,0.0,0.0,None,1.0
VL361J,11/02/2016,36,814993.0,57.0,56.0,28.0,28.0,29.0,28.5,0.0,0.0,0.0,0.0,None,0.0
VL361J,3/06/2016,113,818826.0,55.0,55.0,28.0,28.0,28.0,28.0,0.0,0.0,0.0,0.0,None,0.0
VL361J,10/10/2016,129,830201.0,90.0,90.0,30.0,30.0,28.0,28.0,0.0,0.0,0.0,0.0,Normal Maintain,-2.0
VL361J,5/12/2016,56,835139.0,89.0,89.0,30.0,29.0,29.0,28.0,0.0,0.0,0.0,0.0,None,0.0
VL361J,17/01/2017,43,848605.0,88.0,89.0,30.0,28.0,29.0,28.0,0.0,0.0,0.0,0.0,None,0.0
VL361J,1/03/2017,43,866105.0,89.0,89.0,28.0,28.0,29.0,29.0,0.5,0.5,0.0,0.0,None,2.0
VL361J,19/04/2017,49,885408.0,85.0,85.0,26.0,27.0,29.0,29.0,0.0,0.0,0.0,0.0,None,2.0
VL361J,25/05/2017,36,898307.0,85.0,85.0,26.0,27.0,29.0,30.0,0.5,0.0,0.2,0.2,None,0.0
VL361J,7/07/2017,43,913124.0,85.0,85.0,26.0,26.0,29.0,30.0,0.0,0.0,0.0,0.0,None,0.0
VL361J,15/08/2017,39,922161.0,72.5,72.0,30.0,30.0,28.0,28.0,0.0,0.0,0.0,0.0,Change Wheel,-4.0
VL361J,24/08/2017,9,922378.0,76.0,76.0,31.0,30.0,28.0,28.0,0.0,0.0,0.0,0.0,Normal Maintain,-1.0
VL361J,12/10/2017,49,931558.0,75.0,75.0,30.0,29.0,28.0,29.0,0.0,0.0,0.0,0.0,None,1.0
VL361J,7/07/2018,268,976120.0,73.0,72.0,28.0,29.0,28.0,29.0,0.0,0.0,0.0,0.0,None,2.0
VL361J,6/11/2018,122,978516.0,70.0,70.0,29.0,29.0,29.0,30.0,0.0,0.0,0.0,0.0,Normal Maintain,-1.0
VL361J,13/02/2019,99,1005816.0,75.0,75.0,29.0,29.0,29.0,30.0,0.0,0.0,0.0,0.0,None,0.0
VL361J,4/04/2019,50,1029760.0,75.0,75.0,28.0,29.0,31.0,30.0,0.1,0.0,0.0,0.0,None,1.0
VL361J,21/05/2019,47,1052758.0,80.0,80.0,28.0,29.0,28.0,30.0,0.0,0.0,0.0,0.0,None,0.0
VL361J,24/07/2019,64,1082480.0,74.0,73.0,30.0,29.0,29.0,30.0,0.5,0.3,0.0,0.0,Normal Maintain,-2.0
VL361J,28/10/2019,96,1117835.0,73.0,73.0,30.0,28.0,30.0,32.0,0.5,0.4,0.1,0.4,None,0.0
VL362S,5/09/2009,0,97691.0,85.0,85.0,27.0,29.5,29.5,29.0,1.0,1.0,0.0,0.0,None,0.0
VL362S,28/09/2009,23,111141.1,86.0,87.0,28.5,30.5,29.5,29.5,1.5,1.5,0.0,0.0,Normal Maintain,-1.5
VL362S,17/10/2009,19,122252.0,85.0,85.0,28.5,30.0,29.0,29.5,0.5,0.0,0.0,0.0,None,0.0
VL362S,31/12/2009,75,159209.0,84.0,84.0,28.0,29.5,29.0,30.0,1.5,1.5,0.0,0.0,None,0.5
VL362S,21/01/2010,21,171309.9,85.0,85.0,28.5,29.0,29.5,31.5,1.0,1.0,0.0,0.0,Normal Maintain,-0.5
VL362S,19/05/2010,118,239305.3,80.0,80.0,27.5,29.0,29.0,29.0,1.0,1.5,0.0,0.0,None,1.0
VL362S,22/05/2010,3,241034.0,80.0,80.0,27.5,28.0,30.0,28.0,1.0,1.5,0.0,0.0,None,0.0
VL362S,8/07/2010,47,257471.0,85.0,83.0,29.5,28.0,30.0,31.0,1.5,2.5,0.0,0.0,Normal Maintain,-2.0
VL362S,25/09/2010,79,291110.0,80.0,80.0,27.0,30.0,31.0,30.0,1.0,1.0,0.0,0.0,None,2.5
VL362S,11/11/2010,47,318860.0,78.0,82.0,29.0,31.0,32.0,30.0,2.0,1.5,0.0,0.0,Normal Maintain,-2.0
VL362S,2/01/2011,52,363195.0,74.0,80.0,33.0,34.0,34.0,32.0,3.0,3.0,0.0,0.0,Change Wheel,-4.0
VL362S,30/01/2011,28,384480.0,70.0,70.0,28.0,28.0,28.0,28.0,0.0,0.0,0.0,0.0,None,5.0
VL362S,9/06/2011,130,3714694.0,72.0,72.0,26.0,28.5,31.0,29.5,0.5,0.5,0.5,0.0,None,2.0
VL362S,14/08/2011,66,5797174.0,65.0,65.0,26.0,28.5,28.0,28.0,0.0,0.0,0.0,0.0,None,0.0
VL362S,9/09/2011,26,469310.0,62.0,62.0,26.0,29.0,29.0,28.0,0.5,0.5,0.0,0.0,None,0.0
VL362S,16/10/2011,37,493587.8,65.0,65.0,27.0,29.5,30.0,29.0,0.5,0.5,0.0,0.0,Normal Maintain,-1.0
VL362S,18/11/2011,33,515241.0,63.0,64.0,27.0,29.0,31.0,30.0,1.0,0.5,0.0,0.0,None,0.0
VL362S,11/01/2012,54,519877.0,60.0,62.0,27.0,29.0,31.5,30.5,1.5,1.5,0.0,0.0,None,0.0
VL362S,21/02/2012,41,534685.0,63.0,64.0,26.5,30.0,31.0,31.5,2.0,1.5,0.0,0.0,None,0.5
VL362S,11/04/2012,50,546178.0,63.0,63.0,26.0,29.0,31.5,30.0,0.5,0.5,0.0,0.0,None,0.5
VL362S,16/05/2012,35,550304.0,61.0,63.0,27.0,29.0,30.5,31.0,2.0,1.0,0.0,0.0,Normal Maintain,-1.0
VL362S,28/06/2012,43,561901.0,62.0,63.0,27.0,28.0,31.5,31.0,1.5,1.5,0.0,0.0,None,0.0
VL362S,3/08/2012,36,568223.0,58.5,59.0,27.0,28.0,31.0,29.0,0.5,1.4,0.0,0.0,None,0.0
VL362S,11/09/2012,39,581359.0,58.0,60.0,25.0,29.0,31.0,31.0,1.0,1.0,0.0,0.0,None,2.0
VL362S,8/10/2012,27,592381.0,62.0,63.0,25.0,24.0,31.0,28.0,2.0,1.5,0.0,0.0,None,0.0
VL362S,5/11/2012,28,595928.0,57.0,56.0,25.5,28.0,28.0,28.0,0.0,0.0,0.0,0.0,Normal Maintain,-0.5
VL362S,29/01/2013,85,618601.9,52.0,52.0,27.0,26.0,28.0,28.0,0.5,0.5,0.0,0.0,Normal Maintain,-1.5
VL362S,13/02/2013,15,622603.2,64.0,65.0,27.0,23.0,29.0,28.0,1.0,1.0,0.0,0.5,None,0.0
VL362S,18/03/2013,33,631406.0,52.0,52.0,27.0,27.0,28.0,28.0,0.0,0.0,0.0,0.0,None,0.0
VL362S,23/04/2013,36,641053.0,53.0,45.0,27.0,25.0,28.0,28.0,0.5,0.5,0.0,0.0,None,0.0
VL362S,21/06/2013,59,645597.0,54.0,54.0,25.0,23.5,29.0,28.5,0.0,0.0,0.0,0.2,None,2.0
VL362S,22/08/2013,62,650372.0,84.0,84.0,30.0,30.0,29.0,29.0,0.0,0.0,0.0,0.0,Change Wheel,-5.0
VL362S,7/03/2014,197,683857.0,83.5,83.5,28.0,28.0,28.0,28.0,0.5,0.5,0.0,0.0,None,2.0
VL362S,25/03/2014,18,687568.0,78.0,79.0,29.0,30.0,28.0,28.0,0.0,0.0,0.0,0.0,Normal Maintain,-1.0
VL362S,30/04/2014,36,693737.0,75.0,75.0,30.0,30.0,28.0,28.0,0.0,0.0,0.0,0.0,Normal Maintain,-1.0
VL362S,29/05/2014,29,701463.0,74.0,74.0,30.0,30.0,28.0,28.0,0.0,0.0,0.0,0.0,None,0.0
VL362S,19/06/2014,21,705492.0,74.0,74.0,30.0,30.0,28.0,28.0,0.0,0.0,0.0,0.0,None,0.0
VL362S,1/07/2014,12,706876.0,67.0,68.0,30.0,30.0,29.0,29.0,0.0,0.0,0.0,0.0,None,0.0
VL362S,8/08/2014,38,717514.0,73.0,73.0,29.5,29.0,29.5,28.5,0.0,0.0,0.0,0.0,None,0.5
VL362S,9/09/2014,32,727481.0,72.0,73.0,29.0,29.0,29.5,29.0,0.0,0.0,0.0,0.0,None,0.5
VL362S,16/10/2014,37,738189.0,72.0,72.0,29.5,29.0,29.5,29.0,0.0,0.0,0.0,0.0,Normal Maintain,-0.5
VL362S,19/11/2014,34,740633.0,73.0,73.0,29.5,28.5,29.0,29.0,0.5,1.0,0.0,0.0,None,0.0
VL362S,20/01/2015,62,752977.0,73.0,73.0,29.0,29.0,30.0,29.5,0.0,0.0,0.0,0.0,None,0.5
VL362S,23/02/2015,34,762275.0,73.0,72.0,29.0,29.0,29.5,28.5,0.0,0.0,0.0,0.0,None,0.0
VL362S,30/03/2015,35,772574.0,72.0,70.0,29.0,30.0,30.0,30.0,0.0,0.0,0.0,0.0,None,0.0
VL362S,19/06/2015,81,795174.0,72.0,72.0,30.0,29.0,31.0,30.5,0.5,0.5,0.0,0.0,Normal Maintain,-1.0
VL362S,4/07/2015,15,799659.0,72.0,73.0,30.0,29.0,30.0,30.0,0.0,0.0,0.0,0.0,None,0.0
VL362S,31/08/2015,58,814804.0,73.0,73.0,29.0,29.0,29.0,29.0,0.5,0.5,0.0,0.0,None,1.0
VL362S,29/09/2015,29,820803.0,71.0,71.0,29.0,30.0,30.0,30.0,0.0,0.0,0.0,0.0,None,0.0
VL362S,13/11/2015,45,824440.0,72.0,72.0,29.5,29.5,29.0,29.5,0.5,0.5,0.0,0.0,Normal Maintain,-0.5
VL362S,29/12/2015,46,830714.0,66.5,66.5,30.0,28.0,30.0,29.0,0.9,0.9,0.0,0.5,Normal Maintain,-0.5
VL362S,4/02/2016,37,839656.0,72.0,72.0,29.0,28.5,31.0,30.0,0.0,0.0,0.0,0.0,None,1.0
VL362S,7/03/2016,32,846001.0,62.0,62.0,29.5,30.0,28.0,28.0,0.0,0.0,0.0,0.0,Normal Maintain,-0.5
VL362S,15/04/2016,39,856280.0,62.0,62.0,29.5,29.5,29.5,28.5,0.0,0.0,0.0,0.0,None,0.0
VL362S,10/10/2016,178,857430.8,53.0,53.0,25.5,25.5,29.0,29.0,0.0,0.0,0.0,0.0,None,4.0
VL362S,13/09/2017,338,859616.0,90.0,90.0,30.0,30.0,28.0,28.0,0.0,0.0,0.0,0.0,Change Wheel,-4.5
VL362S,24/11/2017,72,874120.0,85.0,85.0,30.5,30.5,29.0,29.0,0.0,0.0,0.0,0.0,Normal Maintain,-0.5
VL362S,22/01/2018,59,881252.4,86.0,86.0,30.0,30.0,29.0,29.0,0.2,0.4,0.0,0.0,None,0.5
VL362S,16/07/2018,175,902408.0,85.0,85.0,29.0,29.0,29.0,29.0,0.0,0.0,0.0,0.0,None,1.0
VL362S,7/01/2019,175,916127.0,87.0,87.0,29.0,29.0,29.0,29.0,0.0,0.0,0.0,0.0,None,0.0
